name,datetime,temp,feelslike,dew,humidity,precip,precipprob,preciptype,snow,snowdepth,windgust,windspeed,winddir,sealevelpressure,cloudcover,visibility,solarradiation,solarenergy,uvindex,severerisk,conditions,icon,stations
"Bhopal, Madhya Pradesh, India",2025-10-01T00:00:00,75.8,75.8,72.9,90.81,0,0,,0,0,9.2,3.4,235.2,1006,67.1,,0,0,0,,Partially cloudy,partly-cloudy-night,remote
"Bhopal, Madhya Pradesh, India",2025-10-01T01:00:00,71.5,71.5,69.7,94.06,0,0,,0,0,6.7,4.7,250,1007,88,3.1,0,0,0,,Partially cloudy,partly-cloudy-night,VABP
"Bhopal, Madhya Pradesh, India",2025-10-01T02:00:00,71.5,71.5,69.7,94.06,0,0,,0,0,7.8,5.8,250,1006,88,3.1,0,0,0,,Partially cloudy,partly-cloudy-night,VABP
"Bhopal, Madhya Pradesh, India",2025-10-01T03:00:00,74.6,74.6,72.2,92.43,0,0,,0,0,10.1,5.1,266.4,1005,16.1,,0,0,0,,Clear,clear-night,remote
"Bhopal, Madhya Pradesh, India",2025-10-01T04:00:00,73.8,73.8,71.1,91.29,0,0,,0,0,10.1,4.9,283.6,1004,21.9,,0,0,0,,Partially cloudy,partly-cloudy-night,remote
"Bhopal, Madhya Pradesh, India",2025-10-01T05:00:00,69.7,69.7,69.7,100,0,0,,0,0,9.4,4.7,220,1006,88,2.5,0,0,0,,Partially cloudy,partly-cloudy-night,VABP
"Bhopal, Madhya Pradesh, India",2025-10-01T06:00:00,69.7,69.7,69.7,100,0,0,,0,0,7.2,3.4,220,1007,50,2.5,0,0,0,,Partially cloudy,partly-cloudy-night,VABP
"Bhopal, Madhya Pradesh, India",2025-10-01T07:00:00,73.3,73.3,69.7,88.51,0,0,,0,0,6,4.7,280,1007,25,2.5,2.4,0,0,,Partially cloudy,partly-cloudy-day,VABP
"Bhopal, Madhya Pradesh, India",2025-10-01T08:00:00,75.1,75.1,69.7,83.33,0,0,,0,0,8.7,9.2,280,1008,25,2.5,94.9,0.3,1,,Partially cloudy,partly-cloudy-day,VABP
"Bhopal, Madhya Pradesh, India",2025-10-01T09:00:00,76.9,76.9,72.1,84.99,0,0,,0,0,10.7,4.9,305.8,1007,21,,266.6,1,3,,Partially cloudy,partly-cloudy-day,remote
"Bhopal, Madhya Pradesh, India",2025-10-01T10:00:00,78.7,78.7,69.7,73.96,0,0,,0,0,13.2,5.8,250,1009,50,3.1,489.6,1.8,5,,Partially cloudy,partly-cloudy-day,VABP
"Bhopal, Madhya Pradesh, India",2025-10-01T11:00:00,82.3,85.2,67.9,61.83,0.004,100,rain,0,0,13.9,5.8,290,1008,50,3.1,629.7,2.3,6,,"Rain, Partially cloudy",rain,VABP
"Bhopal, Madhya Pradesh, India",2025-10-01T12:00:00,84.3,91.3,73.7,70.54,0.004,100,rain,0,0,14.1,6.3,308.5,1006,29.1,,775,2.8,8,,"Rain, Partially cloudy",rain,remote
"Bhopal, Madhya Pradesh, India",2025-10-01T13:00:00,84.5,91.4,73.5,69.71,0,0,,0,0,15.2,6.9,303.1,1005,34.2,,616.5,2.2,6,,Partially cloudy,partly-cloudy-day,remote
"Bhopal, Madhya Pradesh, India",2025-10-01T14:00:00,82.3,85.2,67.9,61.83,0,0,,0,0,15.7,2.2,300,1005,50,3.1,662.4,2.4,7,,Partially cloudy,partly-cloudy-day,VABP
"Bhopal, Madhya Pradesh, India",2025-10-01T15:00:00,84.1,87.3,67.9,58.34,0,0,,0,0,15.4,2.2,280,1005,50,3.1,570.6,2.1,6,,Partially cloudy,partly-cloudy-day,VABP
"Bhopal, Madhya Pradesh, India",2025-10-01T16:00:00,84.1,87.3,67.9,58.34,0,0,,0,0,14.3,3.4,270,1005,88,3.1,478.6,1.7,5,,Partially cloudy,partly-cloudy-day,VABP
"Bhopal, Madhya Pradesh, India",2025-10-01T17:00:00,82.3,88.1,73.3,74.29,0,0,,0,0,13,3.4,200,1005,88,3.1,277,1,3,,Partially cloudy,partly-cloudy-day,VABP
"Bhopal, Madhya Pradesh, India",2025-10-01T18:00:00,85.2,92.4,73.5,68.12,0,0,,0,0,9.6,2.7,302.2,1003,27.5,,131.7,0.5,1,,Partially cloudy,partly-cloudy-day,remote
"Bhopal, Madhya Pradesh, India",2025-10-01T19:00:00,85.4,90.9,71.3,62.97,0,0,,0,0,4.3,2.7,268.5,1004,53.5,,13.3,0,0,,Partially cloudy,partly-cloudy-night,remote
"Bhopal, Madhya Pradesh, India",2025-10-01T20:00:00,76.9,76.9,69.7,78.49,0,0,,0,0,3.1,4.7,180,1008,50,3.1,0,0,0,,Partially cloudy,partly-cloudy-night,VABP
"Bhopal, Madhya Pradesh, India",2025-10-01T21:00:00,78.7,78.7,72.2,80.57,0,0,,0,0,2.9,3.6,211.7,1006,83.2,,0,0,0,,Partially cloudy,partly-cloudy-night,remote
"Bhopal, Madhya Pradesh, India",2025-10-01T22:00:00,75.1,75.1,69.7,83.33,0,0,,0,0,5.1,4.7,200,1008,50,3.1,0,0,0,,Partially cloudy,partly-cloudy-night,VABP
"Bhopal, Madhya Pradesh, India",2025-10-01T23:00:00,75.1,75.1,69.7,83.33,0,0,,0,0,5.4,2.2,160,1008,50,3.1,0,0,0,,Partially cloudy,partly-cloudy-night,VABP
"Bhopal, Madhya Pradesh, India",2025-10-02T00:00:00,76,76,71.9,87.03,0,0,,0,0,5.8,3.8,232.5,1006,12,,0,0,0,,Clear,clear-night,remote
"Bhopal, Madhya Pradesh, India",2025-10-02T01:00:00,76,76,71.7,86.5,0,0,,0,0,7.2,3.8,242.1,1006,3.2,,0,0,0,,Clear,clear-night,remote
"Bhopal, Madhya Pradesh, India",2025-10-02T02:00:00,73.3,73.3,71.5,94.1,0,0,,0,0,6.5,2.2,50,1007,50,2.5,0,0,0,,Partially cloudy,partly-cloudy-night,VABP
"Bhopal, Madhya Pradesh, India",2025-10-02T03:00:00,75.3,75.3,71.7,88.6,0,0,,0,0,5.6,3.8,247.9,1005,2.4,,0,0,0,,Clear,clear-night,remote
"Bhopal, Madhya Pradesh, India",2025-10-02T04:00:00,73.1,73.1,71,92.96,0,0,,0,0,5.6,3.1,262.4,1006,0,,0,0,0,,Clear,clear-night,remote
"Bhopal, Madhya Pradesh, India",2025-10-02T05:00:00,71.5,71.5,69.7,94.06,0,0,,0,0,5.8,2.2,250,1007,50,1.9,0,0,0,,Partially cloudy,partly-cloudy-night,VABP
"Bhopal, Madhya Pradesh, India",2025-10-02T06:00:00,71.5,71.5,69.7,94.06,0,0,,0,0,6.7,2.2,250,1009,50,1.9,0,0,0,,Partially cloudy,partly-cloudy-night,VABP
"Bhopal, Madhya Pradesh, India",2025-10-02T07:00:00,76.6,76.6,71.9,85.48,0,0,,0,0,7.4,5.1,309.8,1007,8.4,,2.3,0,0,,Clear,clear-day,remote
"Bhopal, Madhya Pradesh, India",2025-10-02T08:00:00,78.7,78.7,71.5,78.63,0,0,,0,0,10.1,2.2,330,1010,50,2.5,95.9,0.3,1,,Partially cloudy,partly-cloudy-day,VABP
"Bhopal, Madhya Pradesh, India",2025-10-02T09:00:00,82.3,87,71.5,69.91,0,0,,0,0,11.6,5.8,360,1011,50,2.5,276.2,1,3,,Partially cloudy,partly-cloudy-day,VABP
"Bhopal, Madhya Pradesh, India",2025-10-02T10:00:00,84.1,89.4,71.5,65.97,0,0,,0,0,13,4.7,360,1011,50,2.5,474.2,1.7,5,,Partially cloudy,partly-cloudy-day,VABP
"Bhopal, Madhya Pradesh, India",2025-10-02T11:00:00,85.9,90.4,69.7,58.57,0.008,100,rain,0,0,13,5.8,40,1010,50,3.1,619.9,2.2,6,,"Rain, Partially cloudy",rain,VABP
"Bhopal, Madhya Pradesh, India",2025-10-02T12:00:00,85.9,90.4,69.7,58.57,0,0,,0,0,12.5,6.9,70,1009,50,3.1,603.4,2.2,6,,Partially cloudy,partly-cloudy-day,VABP
"Bhopal, Madhya Pradesh, India",2025-10-02T13:00:00,85.9,90.4,69.7,58.57,0,0,,0,0,12.3,4.7,100,1009,50,3.7,699,2.5,7,,Partially cloudy,partly-cloudy-day,VABP
"Bhopal, Madhya Pradesh, India",2025-10-02T14:00:00,85.9,90.4,69.7,58.57,0,0,,0,0,11.6,5.8,360,1008,50,3.7,583.1,2.1,6,,Partially cloudy,partly-cloudy-day,VABP
"Bhopal, Madhya Pradesh, India",2025-10-02T15:00:00,85.9,90.4,69.7,58.57,0.004,100,rain,0,0,11.9,4.7,30,1007,50,3.7,583.6,2.1,6,,"Rain, Partially cloudy",rain,VABP
"Bhopal, Madhya Pradesh, India",2025-10-02T16:00:00,85.9,90.4,69.7,58.57,0,0,,0,0,11.9,3.4,70,1008,50,3.7,376,1.4,4,,Partially cloudy,partly-cloudy-day,VABP
"Bhopal, Madhya Pradesh, India",2025-10-02T17:00:00,85.9,91.8,71.5,62.27,0,0,,0,0,10.1,1.1,60,1008,50,3.7,282,1,3,,Partially cloudy,partly-cloudy-day,VABP
"Bhopal, Madhya Pradesh, India",2025-10-02T18:00:00,82.3,86.1,69.7,65.76,0,0,,0,0,7.4,1.1,340,1009,50,3.1,126.4,0.5,1,,Partially cloudy,partly-cloudy-day,VABP
"Bhopal, Madhya Pradesh, India",2025-10-02T19:00:00,80.5,83.7,69.7,69.73,0,0,,0,0,3.8,1.1,280,1009,50,3.1,13.8,0,0,,Partially cloudy,partly-cloudy-night,VABP
"Bhopal, Madhya Pradesh, India",2025-10-02T20:00:00,78.7,78.7,71.5,78.63,0,0,,0,0,5.4,5.8,250,1010,50,3.1,0,0,0,,Partially cloudy,partly-cloudy-night,VABP
"Bhopal, Madhya Pradesh, India",2025-10-02T21:00:00,76.9,76.9,71.5,83.45,0,0,,0,0,5.6,4.7,280,1011,50,3.1,0,0,0,,Partially cloudy,partly-cloudy-night,VABP
"Bhopal, Madhya Pradesh, India",2025-10-02T22:00:00,76.9,76.9,71.5,83.45,0,0,,0,0,5.6,4.7,280,1010,50,3.1,0,0,0,,Partially cloudy,partly-cloudy-night,VABP
"Bhopal, Madhya Pradesh, India",2025-10-02T23:00:00,76.9,76.9,71.5,83.45,0,0,,0,0,5.6,2.2,340,1010,50,3.1,0,0,0,,Partially cloudy,partly-cloudy-night,VABP
"Bhopal, Madhya Pradesh, India",2025-10-03T00:00:00,78.2,78.2,72.4,82.52,0,0,,0,0,6.7,3.8,27.9,1009,100,,0,0,0,,Overcast,cloudy,remote
"Bhopal, Madhya Pradesh, India",2025-10-03T01:00:00,78.2,78.2,72.6,83.02,0,0,,0,0,7.6,4.5,21.5,1009,99.9,,0,0,0,,Overcast,cloudy,remote
"Bhopal, Madhya Pradesh, India",2025-10-03T02:00:00,75.1,75.1,71.5,88.6,0,0,,0,0,8.1,4.7,360,1010,50,2.5,0,0,0,,Partially cloudy,partly-cloudy-night,VABP
"Bhopal, Madhya Pradesh, India",2025-10-03T03:00:00,76.4,76.4,72.6,88.12,0,0,,0,0,8.1,4.7,33.4,1009,100,,0,0,0,,Overcast,cloudy,remote
"Bhopal, Madhya Pradesh, India",2025-10-03T04:00:00,73.3,73.3,71.5,94.1,0,0,,0,0,7.8,4.7,360,1010,50,2.5,0,0,0,,Partially cloudy,partly-cloudy-night,VABP
"Bhopal, Madhya Pradesh, India",2025-10-03T05:00:00,73.3,73.3,71.5,94.1,0,0,,0,0,8.1,2.2,20,1010,50,1.9,0,0,0,,Partially cloudy,partly-cloudy-night,VABP
"Bhopal, Madhya Pradesh, India",2025-10-03T06:00:00,76.7,76.7,74.2,91.94,0,0,,0,0,8.1,4.7,19.9,1009,98.6,,0,0,0,,Overcast,cloudy,remote
"Bhopal, Madhya Pradesh, India",2025-10-03T07:00:00,75.1,75.1,73.3,94.15,0,0,,0,0,7.4,2.2,40,1012,50,1.9,2.1,0,0,,Partially cloudy,partly-cloudy-day,VABP
"Bhopal, Madhya Pradesh, India",2025-10-03T08:00:00,75.1,75.1,73.3,94.15,0,0,,0,0,11.9,3.4,30,1013,88,1.9,78.3,0.3,1,,Partially cloudy,partly-cloudy-day,VABP
"Bhopal, Madhya Pradesh, India",2025-10-03T09:00:00,80.5,85.1,73.3,78.77,0,0,,0,0,12.1,4.7,360,1013,88,2.5,234.2,0.8,2,,Partially cloudy,partly-cloudy-day,VABP
"Bhopal, Madhya Pradesh, India",2025-10-03T10:00:00,80.5,84.4,71.5,74.13,0.004,100,rain,0,0,13.2,3.4,360,1013,88,2.5,421.8,1.5,4,,"Rain, Partially cloudy",rain,VABP
"Bhopal, Madhya Pradesh, India",2025-10-03T11:00:00,82.3,87,71.5,69.91,0,0,,0,0,16.1,2.2,340,1012,88,3.1,466.2,1.7,5,,Partially cloudy,partly-cloudy-day,VABP
"Bhopal, Madhya Pradesh, India",2025-10-03T12:00:00,84.1,89.4,71.5,65.97,0,0,,0,0,17.2,5.8,20,1011,88,3.1,663.5,2.4,7,,Partially cloudy,partly-cloudy-day,VABP
"Bhopal, Madhya Pradesh, India",2025-10-03T13:00:00,85.9,91.8,71.5,62.27,0.004,100,rain,0,0,16.3,4.7,300,1010,88,3.1,717.5,2.6,7,,"Rain, Partially cloudy",rain,VABP
"Bhopal, Madhya Pradesh, India",2025-10-03T14:00:00,85.9,90.4,69.7,58.57,0,0,,0,0,16.1,4.7,320,1009,88,3.1,590.2,2.1,6,,Partially cloudy,partly-cloudy-day,VABP
"Bhopal, Madhya Pradesh, India",2025-10-03T15:00:00,85.9,91.8,71.5,62.27,0,0,,0,0,16.6,3.4,50,1009,88,3.1,546.3,2,5,,Partially cloudy,partly-cloudy-day,VABP
"Bhopal, Madhya Pradesh, India",2025-10-03T16:00:00,84.1,89.4,71.5,65.97,0,0,,0,0,15.4,5.8,60,1009,88,2.5,303.7,1.1,3,,Partially cloudy,partly-cloudy-day,VABP
"Bhopal, Madhya Pradesh, India",2025-10-03T17:00:00,76.9,76.9,69.7,78.49,0.008,100,rain,0,0,13.9,6.9,230,1009,88,3.1,226.2,0.8,2,,"Rain, Partially cloudy",rain,VABP
"Bhopal, Madhya Pradesh, India",2025-10-03T18:00:00,76.9,76.9,69.7,78.49,0.004,100,rain,0,0,12.8,2.2,190,1010,88,3.1,111.8,0.4,1,,"Rain, Partially cloudy",rain,VABP
"Bhopal, Madhya Pradesh, India",2025-10-03T19:00:00,76.9,76.9,71.5,83.45,0.012,100,rain,0,0,6.7,0,0,1010,88,3.1,10.8,0,0,,"Rain, Partially cloudy",rain,VABP
"Bhopal, Madhya Pradesh, India",2025-10-03T20:00:00,75.1,75.1,73.3,94.15,0.02,100,rain,0,0,4.9,0,0,1011,88,3.1,0,0,0,,"Rain, Partially cloudy",rain,VABP
"Bhopal, Madhya Pradesh, India",2025-10-03T21:00:00,78,78,74.4,88.72,0.024,100,rain,0,0,7.6,3.1,341.3,1010,42.6,,0,0,0,,"Rain, Partially cloudy",rain,remote
"Bhopal, Madhya Pradesh, India",2025-10-03T22:00:00,76.9,76.9,73.3,88.68,0.012,100,rain,0,0,9.6,2.2,20,1012,88,3.1,0,0,0,,"Rain, Partially cloudy",rain,VABP
"Bhopal, Madhya Pradesh, India",2025-10-03T23:00:00,75.1,75.1,71.5,88.6,0.012,100,rain,0,0,10.7,2.2,10,1012,50,3.1,0,0,0,,"Rain, Partially cloudy",rain,VABP
"Bhopal, Madhya Pradesh, India",2025-10-04T00:00:00,76.6,76.6,73.5,90.29,0.004,100,rain,0,0,9.8,4.9,313.2,1010,94.9,,0,0,0,,"Rain, Overcast",rain,remote
"Bhopal, Madhya Pradesh, India",2025-10-04T01:00:00,76,76,73.1,90.81,0.004,100,rain,0,0,12.3,5.6,305,1010,97.1,,0,0,0,,"Rain, Overcast",rain,remote
"Bhopal, Madhya Pradesh, India",2025-10-04T02:00:00,73.3,73.3,71.5,94.1,0.004,100,rain,0,0,12.3,2.2,330,1011,50,3.1,0,0,0,,"Rain, Partially cloudy",rain,VABP
"Bhopal, Madhya Pradesh, India",2025-10-04T03:00:00,74.7,74.7,72.4,92.44,0,0,,0,0,9.8,5.8,307.4,1009,94.5,,0,0,0,,Overcast,cloudy,remote
"Bhopal, Madhya Pradesh, India",2025-10-04T04:00:00,74.4,74.4,72.4,93.56,0,0,,0,0,10.7,5.6,309.1,1009,96.4,,0,0,0,,Overcast,cloudy,remote
"Bhopal, Madhya Pradesh, India",2025-10-04T05:00:00,71.5,71.5,71.5,100,0,0,,0,0,11,0,0,1011,88,1.9,0,0,0,,Partially cloudy,partly-cloudy-night,VABP
"Bhopal, Madhya Pradesh, India",2025-10-04T06:00:00,73.3,73.3,71.5,94.1,0,0,,0,0,10.5,0,0,1012,50,1.2,0,0,0,,Partially cloudy,partly-cloudy-night,VABP
"Bhopal, Madhya Pradesh, India",2025-10-04T07:00:00,73.3,73.3,73.3,100,0,0,,0,0,10.5,3.4,290,1012,25,1.2,1.7,0,0,,Partially cloudy,partly-cloudy-day,VABP
"Bhopal, Madhya Pradesh, India",2025-10-04T08:00:00,78.7,78.7,73.3,83.56,0,0,,0,0,13.2,4.7,300,1013,25,1.9,82.5,0.3,1,,Partially cloudy,partly-cloudy-day,VABP
"Bhopal, Madhya Pradesh, India",2025-10-04T09:00:00,80.5,85.1,73.3,78.77,0.004,100,rain,0,0,16.8,8.1,280,1013,25,2.5,244.7,0.9,2,,"Rain, Partially cloudy",rain,VABP
"Bhopal, Madhya Pradesh, India",2025-10-04T10:00:00,77.1,77.1,74,90.31,0,0,,0,0,16.6,7.8,317.6,1012,100,,263.5,0.9,3,,Overcast,cloudy,remote
"Bhopal, Madhya Pradesh, India",2025-10-04T11:00:00,84.1,88.3,69.7,62.05,0,0,,0,0,15.9,8.1,290,1012,50,3.7,463.1,1.7,5,,Partially cloudy,partly-cloudy-day,VABP
"Bhopal, Madhya Pradesh, India",2025-10-04T12:00:00,85.9,90.4,69.7,58.57,0,0,,0,0,16.8,6.9,330,1011,50,3.7,591.5,2.1,6,,Partially cloudy,partly-cloudy-day,VABP
"Bhopal, Madhya Pradesh, India",2025-10-04T13:00:00,85.9,90.4,69.7,58.57,0,0,,0,0,19.2,8.1,330,1010,50,3.7,668.4,2.4,7,,Partially cloudy,partly-cloudy-day,VABP
"Bhopal, Madhya Pradesh, India",2025-10-04T14:00:00,87.7,92.6,69.7,55.31,0,0,,0,0,18.6,8.1,340,1009,50,3.7,497.7,1.8,5,,Partially cloudy,partly-cloudy-day,VABP
"Bhopal, Madhya Pradesh, India",2025-10-04T15:00:00,85.9,91.8,71.5,62.27,0.004,100,rain,0,0,19,3.4,300,1008,50,3.7,470.8,1.7,5,,"Rain, Partially cloudy",rain,VABP
"Bhopal, Madhya Pradesh, India",2025-10-04T16:00:00,82.3,88.1,73.3,74.29,0.138,100,rain,0,0,18.8,8.1,170,1008,50,2.5,443.1,1.6,4,,"Rain, Partially cloudy",rain,VABP
"Bhopal, Madhya Pradesh, India",2025-10-04T17:00:00,75.1,75.1,71.5,88.6,0.016,100,rain,0,0,19,9.2,210,1009,88,1.2,206,0.7,2,,"Rain, Partially cloudy",rain,VABP
"Bhopal, Madhya Pradesh, India",2025-10-04T18:00:00,73.3,73.3,69.7,88.51,0.004,100,rain,0,0,12.1,4.7,240,1010,88,2.5,107.6,0.4,1,,"Rain, Partially cloudy",rain,VABP
"Bhopal, Madhya Pradesh, India",2025-10-04T19:00:00,75.1,75.1,69.7,83.33,0.008,100,rain,0,0,13.6,4.7,240,1010,88,2.5,10.6,0,0,,"Rain, Partially cloudy",rain,VABP
"Bhopal, Madhya Pradesh, India",2025-10-04T20:00:00,75.1,75.1,69.7,83.33,0.012,100,rain,0,0,15,4.7,230,1012,88,2.5,0,0,0,,"Rain, Partially cloudy",rain,VABP
"Bhopal, Madhya Pradesh, India",2025-10-04T21:00:00,73.3,73.3,69.7,88.51,0,0,,0,0,14.3,4.7,190,1012,88,2.5,0,0,0,,Partially cloudy,partly-cloudy-night,VABP
"Bhopal, Madhya Pradesh, India",2025-10-04T22:00:00,73.3,73.3,69.7,88.51,0,0,,0,0,11,4.7,240,1012,88,2.5,0,0,0,,Partially cloudy,partly-cloudy-night,VABP
"Bhopal, Madhya Pradesh, India",2025-10-04T23:00:00,73.3,73.3,69.7,88.51,0,0,,0,0,10.5,4.7,270,1012,88,2.5,0,0,0,,Partially cloudy,partly-cloudy-night,VABP
"Bhopal, Madhya Pradesh, India",2025-10-05T00:00:00,76.4,76.4,73.1,89.73,0,0,,0,0,10.7,5.8,301.8,1010,98.4,,0,0,0,,Overcast,cloudy,remote
"Bhopal, Madhya Pradesh, India",2025-10-05T01:00:00,76.2,76.2,72.9,89.73,0,0,,0,0,10.3,4.7,290.2,1010,99.3,,0,0,0,,Overcast,cloudy,remote
"Bhopal, Madhya Pradesh, India",2025-10-05T02:00:00,71.5,71.5,69.7,94.06,0,0,,0,0,8.7,4.7,270,1010,50,2.5,0,0,0,,Partially cloudy,partly-cloudy-night,VABP
"Bhopal, Madhya Pradesh, India",2025-10-05T03:00:00,75.3,75.3,72.2,90.24,0,0,,0,0,8.5,4,281.6,1009,91.2,,0,0,0,,Overcast,cloudy,remote
"Bhopal, Madhya Pradesh, India",2025-10-05T04:00:00,71.5,71.5,69.7,94.06,0.008,100,rain,0,0,8.3,5.8,290,1010,50,2.5,0,0,0,,"Rain, Partially cloudy",rain,VABP
"Bhopal, Madhya Pradesh, India",2025-10-05T05:00:00,71.5,71.5,69.7,94.06,0.012,100,rain,0,0,8.3,4.7,290,1011,50,1.9,0,0,0,,"Rain, Partially cloudy",rain,VABP
"Bhopal, Madhya Pradesh, India",2025-10-05T06:00:00,71.5,71.5,69.7,94.06,0.012,100,rain,0,0,8.9,3.4,240,1012,50,1.9,0,0,0,,"Rain, Partially cloudy",rain,VABP
"Bhopal, Madhya Pradesh, India",2025-10-05T07:00:00,75.5,75.5,72.8,91.35,0.016,100,rain,0,0,9.2,4.5,264,1010,41.8,,1.4,0,0,,"Rain, Partially cloudy",rain,remote
"Bhopal, Madhya Pradesh, India",2025-10-05T08:00:00,75.1,75.1,71.5,88.6,0.004,100,rain,0,0,11.6,11.4,270,1013,50,2.5,64.8,0.2,1,,"Rain, Partially cloudy",rain,VABP
"Bhopal, Madhya Pradesh, India",2025-10-05T09:00:00,76.9,76.9,71.5,83.45,0,0,,0,0,16.3,12.8,280,1013,50,2.5,192.3,0.7,2,,Partially cloudy,partly-cloudy-day,VABP
"Bhopal, Madhya Pradesh, India",2025-10-05T10:00:00,78.7,78.7,71.5,78.63,0,0,,0,0,17.9,9.2,290,1014,50,2.5,323.7,1.2,3,,Partially cloudy,partly-cloudy-day,VABP
"Bhopal, Madhya Pradesh, India",2025-10-05T11:00:00,80.5,84.4,71.5,74.13,0,0,,0,0,17.9,6.9,320,1013,88,3.1,345.1,1.2,3,,Partially cloudy,partly-cloudy-day,VABP
"Bhopal, Madhya Pradesh, India",2025-10-05T12:00:00,82.3,87,71.5,69.91,0.004,100,rain,0,0,17,5.8,290,1012,88,3.1,417.2,1.5,4,,"Rain, Partially cloudy",rain,VABP
"Bhopal, Madhya Pradesh, India",2025-10-05T13:00:00,80.5,84.4,71.5,74.13,0.142,100,rain,0,0,13.6,4.7,200,1010,88,3.1,497.9,1.8,5,,"Rain, Partially cloudy",rain,VABP
"Bhopal, Madhya Pradesh, India",2025-10-05T14:00:00,80.5,84.4,71.5,74.13,0.232,100,rain,0,0,19.9,8.1,220,1010,88,3.1,502.8,1.8,5,,"Rain, Partially cloudy",rain,VABP
"Bhopal, Madhya Pradesh, India",2025-10-05T15:00:00,76.9,76.9,71.5,83.45,0.039,100,rain,0,0,19.7,5.8,250,1009,88,2.5,318.6,1.1,3,,"Rain, Partially cloudy",rain,VABP
"Bhopal, Madhya Pradesh, India",2025-10-05T16:00:00,76.9,76.9,71.5,83.45,0.004,100,rain,0,0,15.2,10.3,340,1009,88,3.1,161.8,0.6,2,,"Rain, Partially cloudy",rain,VABP
"Bhopal, Madhya Pradesh, India",2025-10-05T17:00:00,75.1,75.1,71.5,88.6,0,0,,0,0,12.1,5.8,30,1009,88,1.9,91.4,0.3,1,,Partially cloudy,partly-cloudy-day,VABP
"Bhopal, Madhya Pradesh, India",2025-10-05T18:00:00,80,80,74.6,83.64,0,0,,0,0,6.7,1.8,265.8,1008,100,,53.3,0.2,1,,Overcast,cloudy,remote
"Bhopal, Madhya Pradesh, India",2025-10-05T19:00:00,69.7,69.7,69.7,100,0,0,,0,0,4.9,6.9,30,1012,88,1.2,5.4,0,0,,Partially cloudy,partly-cloudy-night,VABP
"Bhopal, Madhya Pradesh, India",2025-10-05T20:00:00,71.5,71.5,69.7,94.06,0,0,,0,0,7.2,5.8,30,1012,50,1.9,0,0,0,,Partially cloudy,partly-cloudy-night,VABP
"Bhopal, Madhya Pradesh, India",2025-10-05T21:00:00,71.5,71.5,69.7,94.06,0.008,100,rain,0,0,11.2,5.8,110,1013,88,2.5,0,0,0,,"Rain, Partially cloudy",rain,VABP
"Bhopal, Madhya Pradesh, India",2025-10-05T22:00:00,75.1,75.1,72.2,90.78,0.004,100,rain,0,0,11.9,4.7,320.7,1011,100,,0,0,0,,"Rain, Overcast",rain,remote
"Bhopal, Madhya Pradesh, India",2025-10-05T23:00:00,71.5,71.5,69.7,94.06,0,0,,0,0,10.1,2.2,200,1012,88,2.5,0,0,0,,Partially cloudy,partly-cloudy-night,VABP
"Bhopal, Madhya Pradesh, India",2025-10-06T00:00:00,73.5,73.5,71.5,93.54,0,0,,0,0,6.3,0.9,84.5,1011,99.2,,0,0,0,,Overcast,cloudy,remote
"Bhopal, Madhya Pradesh, India",2025-10-06T01:00:00,73.1,73.1,71.3,94.1,0,0,,0,0,4.9,3.4,200.6,1011,97.9,,0,0,0,,Overcast,cloudy,remote
"Bhopal, Madhya Pradesh, India",2025-10-06T02:00:00,71.5,71.5,71.5,100,0,0,,0,0,7.4,5.8,220,1011,88,2.5,0,0,0,,Partially cloudy,partly-cloudy-night,VABP
"Bhopal, Madhya Pradesh, India",2025-10-06T03:00:00,72.8,72.8,71.3,95.25,0,0,,0,0,8.7,4.9,237.3,1010,98.5,,0,0,0,,Overcast,cloudy,remote
"Bhopal, Madhya Pradesh, India",2025-10-06T04:00:00,72.8,72.8,71.5,95.83,0,0,,0,0,8.7,4.9,255.6,1010,94.6,,0,0,0,,Overcast,cloudy,remote
"Bhopal, Madhya Pradesh, India",2025-10-06T05:00:00,71.5,71.5,69.7,94.06,0,0,,0,0,8.7,0,0,1012,50,2.5,0,0,0,,Partially cloudy,partly-cloudy-night,VABP
"Bhopal, Madhya Pradesh, India",2025-10-06T06:00:00,71.5,71.5,69.7,94.06,0,0,,0,0,8.7,2.2,240,1012,25,2.5,0,0,0,,Partially cloudy,partly-cloudy-night,VABP
"Bhopal, Madhya Pradesh, India",2025-10-06T07:00:00,74.9,74.9,71.5,89.13,0,0,,0,0,9.4,4.9,275.6,1011,19.7,,1.5,0,0,,Clear,clear-day,remote
"Bhopal, Madhya Pradesh, India",2025-10-06T08:00:00,73.3,73.3,71.5,94.1,0,0,,0,0,11.4,9.2,270,1014,88,2.5,66.1,0.2,1,,Partially cloudy,partly-cloudy-day,VABP
"Bhopal, Madhya Pradesh, India",2025-10-06T09:00:00,75.1,75.1,71.5,88.6,0,0,,0,0,13.6,9.2,270,1014,88,2.5,230.5,0.8,2,,Partially cloudy,partly-cloudy-day,VABP
"Bhopal, Madhya Pradesh, India",2025-10-06T10:00:00,76.9,76.9,71.5,83.45,0,0,,0,0,14.1,6.9,230,1014,88,2.5,378,1.4,4,,Partially cloudy,partly-cloudy-day,VABP
"Bhopal, Madhya Pradesh, India",2025-10-06T11:00:00,78.7,78.7,69.7,73.96,0,0,,0,0,13.9,5.8,230,1014,88,3.1,593.9,2.1,6,,Partially cloudy,partly-cloudy-day,VABP
"Bhopal, Madhya Pradesh, India",2025-10-06T12:00:00,80.5,83.7,69.7,69.73,0.004,100,rain,0,0,14.5,5.8,230,1003,88,3.1,695.4,2.5,7,,"Rain, Partially cloudy",rain,VABP
"Bhopal, Madhya Pradesh, India",2025-10-06T13:00:00,83,89.2,73.3,72.58,0,0,,0,0,13.9,5.1,255.8,1011,35.7,,723,2.6,7,,Partially cloudy,partly-cloudy-day,remote
"Bhopal, Madhya Pradesh, India",2025-10-06T14:00:00,82.3,85.2,67.9,61.83,0,0,,0,0,14.3,5.8,230,1011,88,3.7,757.8,2.7,8,,Partially cloudy,partly-cloudy-day,VABP
"Bhopal, Madhya Pradesh, India",2025-10-06T15:00:00,86.3,92.8,72.2,63.08,0.004,100,rain,0,0,13.9,6.3,247.4,1009,26.4,,545.1,2,5,,"Rain, Partially cloudy",rain,remote
"Bhopal, Madhya Pradesh, India",2025-10-06T16:00:00,83.7,89.2,71.9,67.55,0,0,,0,0,15,5.8,245.1,1009,13.4,,508.7,1.8,5,,Clear,clear-day,remote
"Bhopal, Madhya Pradesh, India",2025-10-06T17:00:00,82.3,86.1,69.7,65.76,0,0,,0,0,15,4.7,230,1011,50,3.7,314.3,1.1,3,,Partially cloudy,partly-cloudy-day,VABP
"Bhopal, Madhya Pradesh, India",2025-10-06T18:00:00,84.5,90.3,72.1,66.41,0,0,,0,0,13.2,3.4,247.9,1008,13.5,,140,0.5,1,,Clear,clear-day,remote
"Bhopal, Madhya Pradesh, India",2025-10-06T19:00:00,83.2,88.7,72.2,69.58,0,0,,0,0,7.6,3.8,247.9,1009,11.1,,11.8,0,0,,Clear,clear-night,remote
"Bhopal, Madhya Pradesh, India",2025-10-06T20:00:00,75.1,75.1,69.7,83.33,0,0,,0,0,6.3,6.9,200,1012,50,3.1,0,0,0,,Partially cloudy,partly-cloudy-night,VABP
"Bhopal, Madhya Pradesh, India",2025-10-06T21:00:00,75.1,75.1,69.7,83.33,0,0,,0,0,6,2.2,250,1013,50,3.1,0,0,0,,Partially cloudy,partly-cloudy-night,VABP
"Bhopal, Madhya Pradesh, India",2025-10-06T22:00:00,75.1,75.1,69.7,83.33,0,0,,0,0,6.5,4.7,220,1013,50,3.1,0,0,0,,Partially cloudy,partly-cloudy-night,VABP
"Bhopal, Madhya Pradesh, India",2025-10-06T23:00:00,73.3,73.3,69.7,88.51,0,0,,0,0,6.7,3.4,230,1013,50,3.1,0,0,0,,Partially cloudy,partly-cloudy-night,VABP
"Bhopal, Madhya Pradesh, India",2025-10-07T00:00:00,74.6,74.6,69.7,84.85,0,0,,0,0,6.5,3.4,274.1,1011,20.5,,0,0,0,,Partially cloudy,partly-cloudy-night,remote
"Bhopal, Madhya Pradesh, India",2025-10-07T01:00:00,73.7,73.7,69.5,86.91,0,0,,0,0,6,2.9,268.5,1011,21.2,,0,0,0,,Partially cloudy,partly-cloudy-night,remote
"Bhopal, Madhya Pradesh, India",2025-10-07T02:00:00,71.5,71.5,67.9,88.43,0,0,,0,0,5.4,3.4,220,1012,50,3.1,0,0,0,,Partially cloudy,partly-cloudy-night,VABP
"Bhopal, Madhya Pradesh, India",2025-10-07T03:00:00,72.6,72.6,69.3,89.58,0,0,,0,0,5.8,3.6,258.9,1010,9.5,,0,0,0,,Clear,clear-night,remote
"Bhopal, Madhya Pradesh, India",2025-10-07T04:00:00,72.2,72.2,68.8,89.01,0,0,,0,0,7.2,4.5,267.6,1010,3,,0,0,0,,Clear,clear-night,remote
"Bhopal, Madhya Pradesh, India",2025-10-07T05:00:00,67.9,67.9,66.1,93.97,0,0,,0,0,9.4,0,0,1012,50,2.5,0,0,0,,Partially cloudy,partly-cloudy-night,VABP
"Bhopal, Madhya Pradesh, India",2025-10-07T06:00:00,67.9,67.9,64.3,88.27,0,0,,0,0,10.3,2.2,220,1013,50,2.5,0,0,0,,Partially cloudy,partly-cloudy-night,VABP
"Bhopal, Madhya Pradesh, India",2025-10-07T07:00:00,71.5,71.5,66.1,83.1,0,0,,0,0,10.3,5.8,240,1013,50,1.9,1.8,0,0,,Partially cloudy,partly-cloudy-day,VABP
"Bhopal, Madhya Pradesh, India",2025-10-07T08:00:00,73.3,73.3,71.5,94.1,0,0,,0,0,10.7,8.1,230,1014,50,3.1,92.6,0.3,1,,Partially cloudy,partly-cloudy-day,VABP
"Bhopal, Madhya Pradesh, India",2025-10-07T09:00:00,75.1,75.1,71.5,88.6,0,0,,0,0,12.8,6.9,240,1014,50,3.7,301.3,1.1,3,,Partially cloudy,partly-cloudy-day,VABP
"Bhopal, Madhya Pradesh, India",2025-10-07T10:00:00,76.7,76.7,70.2,80.43,0,0,,0,0,13.9,5.4,288,1013,1.9,,510.7,1.8,5,,Clear,clear-day,remote
"Bhopal, Madhya Pradesh, India",2025-10-07T11:00:00,80.3,83.1,68.3,66.76,0,0,,0,0,15.4,4.9,284.8,1013,19,,690.6,2.5,7,,Clear,clear-day,remote
"Bhopal, Madhya Pradesh, India",2025-10-07T12:00:00,82.3,83.9,64.3,54.57,0,0,,0,0,15.4,6.9,180,1013,88,3.7,623.2,2.2,6,,Partially cloudy,partly-cloudy-day,VABP
"Bhopal, Madhya Pradesh, India",2025-10-07T13:00:00,84.1,84.9,62.5,48.34,0,0,,0,0,13.2,5.8,220,1012,88,3.7,790.9,2.8,8,,Partially cloudy,partly-cloudy-day,VABP
"Bhopal, Madhya Pradesh, India",2025-10-07T14:00:00,86.4,89,66.5,51.5,0,0,,0,0,14.3,6,259.7,1011,38.8,,637.7,2.3,6,,Partially cloudy,partly-cloudy-day,remote
"Bhopal, Madhya Pradesh, India",2025-10-07T15:00:00,84.1,85.6,64.3,51.49,0,0,,0,0,15.7,5.8,190,1011,88,3.7,655.9,2.4,7,,Partially cloudy,partly-cloudy-day,VABP
"Bhopal, Madhya Pradesh, India",2025-10-07T16:00:00,84.1,84.9,62.5,48.34,0,0,,0,0,15.4,6.9,220,1011,88,3.7,456.9,1.6,5,,Partially cloudy,partly-cloudy-day,VABP
"Bhopal, Madhya Pradesh, India",2025-10-07T17:00:00,80.5,82.2,64.3,57.86,0.004,100,rain,0,0,14.3,3.4,220,1011,50,3.7,298.5,1.1,3,,"Rain, Partially cloudy",rain,VABP
"Bhopal, Madhya Pradesh, India",2025-10-07T18:00:00,78.7,78.7,67.9,69.54,0,0,,0,0,9.2,5.8,190,1011,50,3.7,118.2,0.4,1,,Partially cloudy,partly-cloudy-day,VABP
"Bhopal, Madhya Pradesh, India",2025-10-07T19:00:00,76.9,76.9,67.9,73.79,0,0,,0,0,11.9,5.8,180,1012,50,3.1,9,0,0,,Partially cloudy,partly-cloudy-night,VABP
"Bhopal, Madhya Pradesh, India",2025-10-07T20:00:00,76.9,76.9,67.9,73.79,0,0,,0,0,12.1,5.8,180,1013,50,2.5,0,0,0,,Partially cloudy,partly-cloudy-night,VABP
"Bhopal, Madhya Pradesh, India",2025-10-07T21:00:00,75.1,75.1,67.9,78.35,0,0,,0,0,9.6,4.7,190,1013,50,2.5,0,0,0,,Partially cloudy,partly-cloudy-night,VABP
"Bhopal, Madhya Pradesh, India",2025-10-07T22:00:00,77.3,77.3,69.7,77.56,0,0,,0,0,7.6,3.6,269.2,1012,8.7,,0,0,0,,Clear,clear-night,remote
"Bhopal, Madhya Pradesh, India",2025-10-07T23:00:00,73.3,73.3,67.9,83.22,0,0,,0,0,6.7,4.7,200,1014,50,2.5,0,0,0,,Partially cloudy,partly-cloudy-night,VABP
"Bhopal, Madhya Pradesh, India",2025-10-08T00:00:00,74.7,74.7,69.9,84.86,0,0,,0,0,6.9,2.9,242.9,1012,26.5,,0,0,0,,Partially cloudy,partly-cloudy-night,remote
"Bhopal, Madhya Pradesh, India",2025-10-08T01:00:00,74.6,74.6,70.1,85.9,0,0,,0,0,5.6,2.9,231.1,1012,9.6,,0,0,0,,Clear,clear-night,remote
"Bhopal, Madhya Pradesh, India",2025-10-08T02:00:00,69.7,69.7,64.3,82.98,0,0,,0,0,5.8,6.9,270,1013,50,2.5,0,0,0,,Partially cloudy,partly-cloudy-night,VABP
"Bhopal, Madhya Pradesh, India",2025-10-08T03:00:00,72.8,72.8,69.5,89.59,0,0,,0,0,6,3.6,260.2,1012,7.5,,0,0,0,,Clear,clear-night,remote
"Bhopal, Madhya Pradesh, India",2025-10-08T04:00:00,71,71,68.1,90.63,0,0,,0,0,7.4,4.7,275.5,1011,3.2,,0,0,0,,Clear,clear-night,remote
"Bhopal, Madhya Pradesh, India",2025-10-08T05:00:00,66.1,66.1,64.3,93.93,0,0,,0,0,8.7,5.8,270,1013,25,2.5,0,0,0,,Partially cloudy,partly-cloudy-night,VABP
"Bhopal, Madhya Pradesh, India",2025-10-08T06:00:00,73.5,73.5,67.2,80.69,0,0,,0,0,10.3,6,298.8,1012,5.1,,0,0,0,,Clear,clear-night,remote
"Bhopal, Madhya Pradesh, India",2025-10-08T07:00:00,72.8,72.8,65.9,79.14,0,0,,0,0,10.7,6.3,305.8,1012,3.2,,1.7,0,0,,Clear,clear-day,remote
"Bhopal, Madhya Pradesh, India",2025-10-08T08:00:00,73.3,73.3,64.3,73.45,0,0,,0,0,12.1,6.9,320,1015,1.3,2.5,98.6,0.4,1,,Clear,clear-day,VABP
"Bhopal, Madhya Pradesh, India",2025-10-08T09:00:00,75.1,75.1,64.3,69.15,0,0,,0,0,13.6,9.2,340,1015,2.4,2.5,308.5,1.1,3,,Clear,clear-day,VABP
"Bhopal, Madhya Pradesh, India",2025-10-08T10:00:00,78.7,78.7,60.7,54.07,0,0,,0,0,14.3,9.2,330,1015,2,2.5,513,1.8,5,,Clear,clear-day,VABP
"Bhopal, Madhya Pradesh, India",2025-10-08T11:00:00,80.5,80.5,55.3,41.99,0,0,,0,0,14.8,6.9,320,1015,50,2.5,702.4,2.5,7,,Partially cloudy,partly-cloudy-day,VABP
"Bhopal, Madhya Pradesh, India",2025-10-08T12:00:00,83.6,85.7,65.9,55.43,0,0,,0,0,15,6.9,352.7,1013,5.6,,806.7,2.9,8,,Clear,clear-day,remote
"Bhopal, Madhya Pradesh, India",2025-10-08T13:00:00,82.3,81.7,55.3,39.6,0,0,,0,0,15.4,5.8,300,1014,50,3.1,812.8,2.9,8,,Partially cloudy,partly-cloudy-day,VABP
"Bhopal, Madhya Pradesh, India",2025-10-08T14:00:00,84.1,83.4,57.1,39.88,0,0,,0,0,15,4.7,270,1012,50,3.1,828.2,3,8,,Partially cloudy,partly-cloudy-day,VABP
"Bhopal, Madhya Pradesh, India",2025-10-08T15:00:00,84.1,83.4,57.1,39.88,0,0,,0,0,14.3,4.7,290,1012,50,3.1,713.3,2.6,7,,Partially cloudy,partly-cloudy-day,VABP
"Bhopal, Madhya Pradesh, India",2025-10-08T16:00:00,82.3,82,57.1,42.27,0,0,,0,0,14.1,6.9,290,1012,50,3.1,561.8,2,6,,Partially cloudy,partly-cloudy-day,VABP
"Bhopal, Madhya Pradesh, India",2025-10-08T17:00:00,78.7,78.7,58.9,50.71,0,0,,0,0,13.6,5.8,270,1012,25,3.1,350.4,1.3,4,,Partially cloudy,partly-cloudy-day,VABP
"Bhopal, Madhya Pradesh, India",2025-10-08T18:00:00,82.3,84.3,65.6,57.02,0,0,,0,0,11.9,5.6,322.3,1010,0.2,,152.3,0.5,2,,Clear,clear-day,remote
"Bhopal, Madhya Pradesh, India",2025-10-08T19:00:00,75.1,75.1,58.9,57.14,0,0,,0,0,10.3,2.2,340,1013,50,1.9,10.9,0,0,,Partially cloudy,partly-cloudy-night,VABP
"Bhopal, Madhya Pradesh, India",2025-10-08T20:00:00,73.3,73.3,57.1,56.89,0,0,,0,0,8.7,3.4,300,1014,50,1.9,0,0,0,,Partially cloudy,partly-cloudy-night,VABP
"Bhopal, Madhya Pradesh, India",2025-10-08T21:00:00,73.3,73.3,57.1,56.89,0,0,,0,0,7.4,3.4,340,1015,50,1.9,0,0,0,,Partially cloudy,partly-cloudy-night,VABP
"Bhopal, Madhya Pradesh, India",2025-10-08T22:00:00,71.5,71.5,62.5,73.28,0,0,,0,0,7.6,3.4,330,1015,50,1.9,0,0,0,,Partially cloudy,partly-cloudy-night,VABP
"Bhopal, Madhya Pradesh, India",2025-10-08T23:00:00,71.5,71.5,62.5,73.28,0,0,,0,0,7.6,3.4,360,1015,50,1.9,0,0,0,,Partially cloudy,partly-cloudy-night,VABP
"Bhopal, Madhya Pradesh, India",2025-10-09T00:00:00,71.5,71.5,62.5,73.28,0,0,,0,0,7.6,3.4,10,1016,50,1.9,0,0,0,,Partially cloudy,partly-cloudy-night,VABP
"Bhopal, Madhya Pradesh, India",2025-10-09T01:00:00,72.6,72.6,63.9,74.32,0,0,,0,0,8.5,4.5,358.5,1014,0.7,,0,0,0,,Clear,clear-night,remote
"Bhopal, Madhya Pradesh, India",2025-10-09T02:00:00,67.9,67.9,60.7,77.76,0,0,,0,0,7.6,3.4,20,1015,50,1.9,0,0,0,,Partially cloudy,partly-cloudy-night,VABP
"Bhopal, Madhya Pradesh, India",2025-10-09T03:00:00,71.1,71.1,64.5,79.51,0,0,,0,0,7.4,4.5,5.7,1014,1,,0,0,0,,Clear,clear-night,remote
"Bhopal, Madhya Pradesh, India",2025-10-09T04:00:00,69.5,69.5,64.3,83.5,0,0,,0,0,7.4,5.1,5.6,1014,0.7,,0,0,0,,Clear,clear-night,remote
"Bhopal, Madhya Pradesh, India",2025-10-09T05:00:00,66.1,66.1,60.7,82.75,0,0,,0,0,7.6,3.4,360,1015,50,1.9,0,0,0,,Partially cloudy,partly-cloudy-night,VABP
"Bhopal, Madhya Pradesh, India",2025-10-09T06:00:00,64.3,64.3,60.7,88.1,0,0,,0,0,7.8,3.4,320,1016,50,2.5,0,0,0,,Partially cloudy,partly-cloudy-night,VABP
"Bhopal, Madhya Pradesh, India",2025-10-09T07:00:00,67.9,67.9,60.7,77.76,0,0,,0,0,7.8,3.4,350,1016,50,2.5,1.7,0,0,,Partially cloudy,partly-cloudy-day,VABP
"Bhopal, Madhya Pradesh, India",2025-10-09T08:00:00,71.5,71.5,62.5,73.28,0,0,,0,0,9.8,4.7,340,1017,1.2,3.1,100.6,0.4,1,,Clear,clear-day,VABP
"Bhopal, Madhya Pradesh, India",2025-10-09T09:00:00,75.1,75.1,62.5,64.92,0,0,,0,0,11.9,9.2,360,1017,1.6,3.1,313.3,1.1,3,,Clear,clear-day,VABP
"Bhopal, Madhya Pradesh, India",2025-10-09T10:00:00,73.5,73.5,65.6,76.29,0,0,,0,0,14.3,5.8,19.8,1015,0,,527.1,1.9,5,,Clear,clear-day,remote
"Bhopal, Madhya Pradesh, India",2025-10-09T11:00:00,80.5,80.5,55.3,41.99,0,0,,0,0,14.8,5.8,340,1016,0.3,3.1,704.5,2.5,7,,Clear,clear-day,VABP
"Bhopal, Madhya Pradesh, India",2025-10-09T12:00:00,82.3,80.6,46.3,28.38,0,0,,0,0,14.1,5.8,330,1015,25,3.1,811.9,2.9,8,,Partially cloudy,partly-cloudy-day,VABP
"Bhopal, Madhya Pradesh, India",2025-10-09T13:00:00,82.3,80.6,46.3,28.38,0,0,,0,0,12.8,5.8,340,1015,25,3.1,833.8,3,8,,Partially cloudy,partly-cloudy-day,VABP
"Bhopal, Madhya Pradesh, India",2025-10-09T14:00:00,82.3,80.6,46.3,28.38,0,0,,0,0,13.9,2.2,310,1013,25.6,3.1,752.6,2.7,8,,Partially cloudy,partly-cloudy-day,VABP
"Bhopal, Madhya Pradesh, India",2025-10-09T15:00:00,84.1,81.8,46.3,26.78,0,0,,0,0,14.1,9.2,300,1013,15.6,3.1,636.8,2.3,6,,Clear,clear-day,VABP
"Bhopal, Madhya Pradesh, India",2025-10-09T16:00:00,81.8,83,63.2,53.47,0,0,,0,0,14.1,6.3,350.7,1011,29.9,,494.9,1.8,5,,Partially cloudy,partly-cloudy-day,remote
"Bhopal, Madhya Pradesh, India",2025-10-09T17:00:00,82.3,80.7,48.1,30.37,0,0,,0,0,13.2,3.4,330,1013,20.7,3.1,320.4,1.2,3,,Partially cloudy,partly-cloudy-day,VABP
"Bhopal, Madhya Pradesh, India",2025-10-09T18:00:00,81.8,83.4,64.3,55.54,0,0,,0,0,10.3,4.5,338,1011,14.5,,127.8,0.5,1,,Clear,clear-day,remote
"Bhopal, Madhya Pradesh, India",2025-10-09T19:00:00,82.3,83.9,64.5,54.92,0,0,,0,0,8.1,4.9,334.2,1012,12.6,,8.7,0,0,,Clear,clear-night,remote
"Bhopal, Madhya Pradesh, India",2025-10-09T20:00:00,71.5,71.5,48.1,43.43,0,0,,0,0,8.3,2.2,320,1015,25,1.9,0,0,0,,Partially cloudy,partly-cloudy-night,VABP
"Bhopal, Madhya Pradesh, India",2025-10-09T21:00:00,69.7,69.7,49.9,49.39,0,0,,0,0,8.1,5.8,340,1016,25,2.5,0,0,0,,Partially cloudy,partly-cloudy-night,VABP
"Bhopal, Madhya Pradesh, India",2025-10-09T22:00:00,73.3,73.3,60.9,65.12,0,0,,0,0,8.1,4.9,329.5,1014,17.5,,0,0,0,,Clear,clear-night,remote
"Bhopal, Madhya Pradesh, India",2025-10-09T23:00:00,69.7,69.7,53.5,56.4,0,0,,0,0,8.1,4.7,340,1016,25,1.9,0,0,0,,Partially cloudy,partly-cloudy-night,VABP
"Bhopal, Madhya Pradesh, India",2025-10-10T00:00:00,72.1,72.1,60.5,67.09,0,0,,0,0,7.8,4.7,342.4,1014,33.1,,0,0,0,,Partially cloudy,partly-cloudy-night,remote
"Bhopal, Madhya Pradesh, India",2025-10-10T01:00:00,67.9,67.9,58.9,72.93,0,0,,0,0,8.5,4.7,0,1015,25,1.9,0,0,0,,Partially cloudy,partly-cloudy-night,VABP
"Bhopal, Madhya Pradesh, India",2025-10-10T02:00:00,67.9,67.9,60.7,77.76,0,0,,0,0,7.2,4.7,10,1014,25,1.9,0,0,0,,Partially cloudy,partly-cloudy-night,VABP
"Bhopal, Madhya Pradesh, India",2025-10-10T03:00:00,69.9,69.9,61.6,75.01,0,0,,0,0,6.7,4.3,358.5,1013,3.2,,0,0,0,,Clear,clear-night,remote
"Bhopal, Madhya Pradesh, India",2025-10-10T04:00:00,66.8,66.8,62,84.39,0,0,,0,0,6.7,4,0.6,1013,2.2,,0,0,0,,Clear,clear-night,remote
"Bhopal, Madhya Pradesh, India",2025-10-10T05:00:00,64.3,64.3,57.1,77.46,0,0,,0,0,6.3,1.1,0,1014,25,1.9,0,0,0,,Partially cloudy,partly-cloudy-night,VABP
"Bhopal, Madhya Pradesh, India",2025-10-10T06:00:00,69.3,69.3,64.3,84.01,0,0,,0,0,6.3,3.6,17.5,1013,1.1,,0,0,0,,Clear,clear-night,remote
"Bhopal, Madhya Pradesh, India",2025-10-10T07:00:00,69.2,69.2,64.5,85.06,0,0,,0,0,6.3,3.4,19.7,1013,2.2,,1.5,0,0,,Clear,clear-day,remote
"Bhopal, Madhya Pradesh, India",2025-10-10T08:00:00,71.1,71.1,65.2,81.53,0,0,,0,0,8.1,4.5,24.7,1014,4.8,,98.4,0.4,1,,Clear,clear-day,remote
"Bhopal, Madhya Pradesh, India",2025-10-10T09:00:00,70.8,70.8,65.7,84.1,0,0,,0,0,9.6,4.3,32.5,1015,3.5,,301.9,1.1,3,,Clear,clear-day,remote
"Bhopal, Madhya Pradesh, India",2025-10-10T10:00:00,71.9,71.9,65.6,80.57,0,0,,0,0,11.4,4.7,43.7,1015,3.9,,520.1,1.9,5,,Clear,clear-day,remote
"Bhopal, Madhya Pradesh, India",2025-10-10T11:00:00,78.7,78.7,57.1,47.54,0,0,,0,0,12.1,2.2,40,1015,43.5,2.5,687.9,2.5,7,,Partially cloudy,partly-cloudy-day,VABP
"Bhopal, Madhya Pradesh, India",2025-10-10T12:00:00,80.5,80.2,53.5,39.32,0,0,,0,0,12.1,4.7,220,1015,50,2.5,803.4,2.9,8,,Partially cloudy,partly-cloudy-day,VABP
"Bhopal, Madhya Pradesh, India",2025-10-10T13:00:00,82.1,83,62.1,50.88,0,0,,0,0,11.4,3.6,28.4,1013,63.1,,742.7,2.7,7,,Partially cloudy,partly-cloudy-day,remote
"Bhopal, Madhya Pradesh, India",2025-10-10T14:00:00,82.3,80.9,49.9,32.48,0,0,,0,0,11.2,2.2,110,1013,50,3.1,709.9,2.6,7,,Partially cloudy,partly-cloudy-day,VABP
"Bhopal, Madhya Pradesh, India",2025-10-10T15:00:00,82.3,81.1,51.7,34.71,0,0,,0,0,10.7,3.4,100,1012,50,3.1,552.8,2,6,,Partially cloudy,partly-cloudy-day,VABP
"Bhopal, Madhya Pradesh, India",2025-10-10T16:00:00,82.3,81.1,51.7,34.71,0,0,,0,0,10.5,1.1,90,1012,25,3.1,407,1.5,4,,Partially cloudy,partly-cloudy-day,VABP
"Bhopal, Madhya Pradesh, India",2025-10-10T17:00:00,78.7,78.7,55.3,44.54,0,0,,0,0,9.8,2.2,50,1012,25,3.1,293.3,1.1,3,,Partially cloudy,partly-cloudy-day,VABP
"Bhopal, Madhya Pradesh, India",2025-10-10T18:00:00,75.1,75.1,58.9,57.14,0,0,,0,0,8.5,2.2,90,1013,25,3.1,110.2,0.4,0,,Partially cloudy,partly-cloudy-night,VABP
"Bhopal, Madhya Pradesh, India",2025-10-10T19:00:00,80.3,82.5,66.5,62.74,0,0,,0,0,6.5,4.7,4,1011,47,,8.3,0,0,,Partially cloudy,partly-cloudy-night,remote
"Bhopal, Madhya Pradesh, India",2025-10-10T20:00:00,73.3,73.3,58.9,60.69,0,0,,0,0,6.9,2.2,70,1014,25,2.5,0,0,0,,Partially cloudy,partly-cloudy-night,VABP
"Bhopal, Madhya Pradesh, India",2025-10-10T21:00:00,73.5,73.5,62.9,69.42,0,0,,0,0,6.7,4.7,354.1,1012,4.5,,0,0,0,,Clear,clear-night,remote
"Bhopal, Madhya Pradesh, India",2025-10-10T22:00:00,67.9,67.9,60.7,77.76,0,0,,0,0,6.3,2.2,320,1014,25,1.9,0,0,0,,Partially cloudy,partly-cloudy-night,VABP
"Bhopal, Madhya Pradesh, India",2025-10-10T23:00:00,67.9,67.9,60.7,77.76,0,0,,0,0,6.5,3.4,320,1014,2.4,1.9,0,0,0,,Clear,clear-night,VABP
"Bhopal, Madhya Pradesh, India",2025-10-11T00:00:00,68.3,68.3,61.8,79.79,0,0,,0,0,6.9,4.9,346.6,1012,2.7,,0,0,0,,Clear,clear-night,remote
"Bhopal, Madhya Pradesh, India",2025-10-11T01:00:00,66.1,66.1,58.9,77.61,0,0,,0,0,7.2,6.9,340,1013,6.4,2.5,0,0,0,,Clear,clear-night,VABP
"Bhopal, Madhya Pradesh, India",2025-10-11T02:00:00,66.1,66.1,57.1,72.75,0,0,,0,0,6.9,2.2,340,1013,13.5,2.5,0,0,0,,Clear,clear-night,VABP
"Bhopal, Madhya Pradesh, India",2025-10-11T03:00:00,66.6,66.6,60.3,80.18,0,0,,0,0,6.9,4.5,11.6,1012,15.4,,0,0,0,,Clear,clear-night,remote
"Bhopal, Madhya Pradesh, India",2025-10-11T04:00:00,65.9,65.9,61.2,84.87,0,0,,0,0,6.7,4.3,18.9,1012,19.9,,0,0,0,,Clear,clear-night,remote
"Bhopal, Madhya Pradesh, India",2025-10-11T05:00:00,66.1,66.1,58.9,77.61,0,0,,0,0,6.3,3.4,20,1014,25,2.5,0,0,0,,Partially cloudy,partly-cloudy-night,VABP
"Bhopal, Madhya Pradesh, India",2025-10-11T06:00:00,68.6,68.6,63.6,83.97,0,0,,0,0,6.3,3.8,29.4,1012,47.8,,0,0,0,,Partially cloudy,partly-cloudy-night,remote
"Bhopal, Madhya Pradesh, India",2025-10-11T07:00:00,69.5,69.5,64.1,82.97,0,0,,0,0,6,3.8,34.2,1013,53.6,,1.2,0,0,,Partially cloudy,partly-cloudy-day,remote
"Bhopal, Madhya Pradesh, India",2025-10-11T08:00:00,71.5,71.5,62.5,73.28,0,0,,0,0,7.2,4.7,360,1016,50,2.5,70.6,0.3,1,,Partially cloudy,partly-cloudy-day,VABP
"Bhopal, Madhya Pradesh, India",2025-10-11T09:00:00,76.9,76.9,62.5,61.15,0,0,,0,0,8.3,4.7,60,1017,50,3.1,216.5,0.8,2,,Partially cloudy,partly-cloudy-day,VABP
"Bhopal, Madhya Pradesh, India",2025-10-11T10:00:00,76.9,76.9,62.5,61.15,0,0,,0,0,9.4,4.7,20,1016,50,3.1,341.6,1.2,3,,Partially cloudy,partly-cloudy-day,VABP
"Bhopal, Madhya Pradesh, India",2025-10-11T11:00:00,82.3,81.1,51.7,34.71,0,0,,0,0,10.3,2.2,50,1015,50,3.1,494.7,1.8,5,,Partially cloudy,partly-cloudy-day,VABP
"Bhopal, Madhya Pradesh, India",2025-10-11T12:00:00,80.5,80,51.7,36.81,0,0,,0,0,10.5,4.7,310,1015,50,3.1,647.7,2.3,6,,Partially cloudy,partly-cloudy-day,VABP
"Bhopal, Madhya Pradesh, India",2025-10-11T13:00:00,82.3,80.9,49.9,32.48,0,0,,0,0,9.4,4.7,10,1014,50,3.1,749,2.7,7,,Partially cloudy,partly-cloudy-day,VABP
"Bhopal, Madhya Pradesh, India",2025-10-11T14:00:00,82.3,80.9,49.9,32.48,0,0,,0,0,9.2,4.7,350,1013,50,3.7,665,2.4,7,,Partially cloudy,partly-cloudy-day,VABP
"Bhopal, Madhya Pradesh, India",2025-10-11T15:00:00,82.3,81.1,51.7,34.71,0,0,,0,0,9.6,3.4,70,1013,50,3.7,604.5,2.2,6,,Partially cloudy,partly-cloudy-day,VABP
"Bhopal, Madhya Pradesh, India",2025-10-11T16:00:00,80.5,80,51.7,36.81,0,0,,0,0,10.1,2.2,60,1013,50,3.1,469.4,1.7,5,,Partially cloudy,partly-cloudy-day,VABP
"Bhopal, Madhya Pradesh, India",2025-10-11T17:00:00,78.7,78.7,51.7,39.04,0,0,,0,0,10.1,2.2,70,1013,25,3.1,301.6,1.1,3,,Partially cloudy,partly-cloudy-day,VABP
"Bhopal, Madhya Pradesh, India",2025-10-11T18:00:00,75.1,75.1,51.7,43.99,0,0,,0,0,8.5,3.4,70,1013,25,3.1,128.9,0.5,0,,Partially cloudy,partly-cloudy-night,VABP
"Bhopal, Madhya Pradesh, India",2025-10-11T19:00:00,73.3,73.3,53.5,49.92,0,0,,0,0,5.8,2.2,90,1014,25,3.1,7.7,0,0,,Partially cloudy,partly-cloudy-night,VABP
"Bhopal, Madhya Pradesh, India",2025-10-11T20:00:00,71.5,71.5,57.1,60.46,0,0,,0,0,6,2.2,290,1014,23.6,3.1,0,0,0,,Partially cloudy,partly-cloudy-night,VABP
"Bhopal, Madhya Pradesh, India",2025-10-11T21:00:00,72.4,72.4,61.8,69.3,0,0,,0,0,6.3,4,14.9,1013,28.9,,0,0,0,,Partially cloudy,partly-cloudy-night,remote
"Bhopal, Madhya Pradesh, India",2025-10-11T22:00:00,67.9,67.9,62.5,82.87,0,0,,0,0,5.6,3.4,320,1014,29,1.9,0,0,0,,Partially cloudy,partly-cloudy-night,VABP
"Bhopal, Madhya Pradesh, India",2025-10-11T23:00:00,67.9,67.9,62.5,82.87,0,0,,0,0,4.3,3.4,320,1014,30.5,1.9,0,0,0,,Partially cloudy,partly-cloudy-night,VABP
"Bhopal, Madhya Pradesh, India",2025-10-12T00:00:00,71.1,71.1,62.7,74.65,0,0,,0,0,3.6,3.4,353.2,1013,34.7,,0,0,0,,Partially cloudy,partly-cloudy-night,remote
"Bhopal, Madhya Pradesh, India",2025-10-12T01:00:00,66.1,66.1,57.1,72.75,0,0,,0,0,4.9,2.2,340,1013,34.3,2.5,0,0,0,,Partially cloudy,partly-cloudy-night,VABP
"Bhopal, Madhya Pradesh, India",2025-10-12T02:00:00,64.3,64.3,62.5,93.88,0,0,,0,0,4.9,2.2,320,1013,33.6,2.5,0,0,0,,Partially cloudy,partly-cloudy-night,VABP
"Bhopal, Madhya Pradesh, India",2025-10-12T03:00:00,67.9,67.9,62.5,82.87,0,0,,0,0,5.4,4.3,47.1,1012,30.2,,0,0,0,,Partially cloudy,partly-cloudy-night,remote
"Bhopal, Madhya Pradesh, India",2025-10-12T04:00:00,65.6,65.6,61.1,85.39,0,0,,0,0,5.4,4.5,73.5,1012,38.4,,0,0,0,,Partially cloudy,partly-cloudy-night,remote
"Bhopal, Madhya Pradesh, India",2025-10-12T05:00:00,62.5,62.5,60.7,93.84,0,0,,0,0,5.1,0,0,1014,44.7,2.5,0,0,0,,Partially cloudy,partly-cloudy-night,VABP
"Bhopal, Madhya Pradesh, India",2025-10-12T06:00:00,60.7,60.7,60.7,100,0,0,,0,0,4.9,2.2,290,1015,48.6,2.5,0,0,0,,Partially cloudy,partly-cloudy-night,VABP
"Bhopal, Madhya Pradesh, India",2025-10-12T07:00:00,69.7,69.7,60.7,73.11,0,0,,0,0,4.7,0,0,1015,39.8,2.5,1.2,0,0,,Partially cloudy,partly-cloudy-day,VABP
"Bhopal, Madhya Pradesh, India",2025-10-12T08:00:00,75.1,75.1,55.3,50.19,0,0,,0,0,5.4,1.1,120,1016,32.3,2.5,85.5,0.3,1,,Partially cloudy,partly-cloudy-day,VABP
"Bhopal, Madhya Pradesh, India",2025-10-12T09:00:00,78.7,78.7,53.5,41.71,0,0,,0,0,7.2,3.4,120,1016,20.4,2.5,274.5,1,3,,Partially cloudy,partly-cloudy-day,VABP
"Bhopal, Madhya Pradesh, India",2025-10-12T10:00:00,71.1,71.1,61.2,70.95,0,0,,0,0,8.5,2.5,130.3,1014,27.8,,470.6,1.7,5,,Partially cloudy,partly-cloudy-day,remote
"Bhopal, Madhya Pradesh, India",2025-10-12T11:00:00,80.5,79.7,48.1,32.2,0,0,,0,0,8.9,5.8,320,1015,20.7,3.1,643.7,2.3,6,,Partially cloudy,partly-cloudy-day,VABP
"Bhopal, Madhya Pradesh, India",2025-10-12T12:00:00,82.3,81.1,51.7,34.71,0,0,,0,0,8.5,5.8,350,1014,30.4,3.1,770.6,2.8,8,,Partially cloudy,partly-cloudy-day,VABP
"Bhopal, Madhya Pradesh, India",2025-10-12T13:00:00,82.3,81.4,53.5,37.09,0,0,,0,0,9.2,5.8,40,1013,25,3.7,806.8,2.9,8,,Partially cloudy,partly-cloudy-day,VABP
"Bhopal, Madhya Pradesh, India",2025-10-12T14:00:00,82.3,81.4,53.5,37.09,0,0,,0,0,9.8,2.2,70,1012,25,3.7,785.8,2.8,8,,Partially cloudy,partly-cloudy-day,VABP
"Bhopal, Madhya Pradesh, India",2025-10-12T15:00:00,82.3,81.1,51.7,34.71,0,0,,0,0,10.1,3.4,70,1012,14.6,3.7,674.4,2.4,7,,Clear,clear-day,VABP
"Bhopal, Madhya Pradesh, India",2025-10-12T16:00:00,81.1,82.1,62,52.37,0,0,,0,0,10.1,3.8,17,1010,19.2,,545.7,2,5,,Clear,clear-day,remote
"Bhopal, Madhya Pradesh, India",2025-10-12T17:00:00,78.7,78.7,53.5,41.71,0,0,,0,0,9.4,3.4,50,1012,8.7,3.7,356.2,1.3,4,,Clear,clear-day,VABP
"Bhopal, Madhya Pradesh, India",2025-10-12T18:00:00,80.9,82.1,62.7,54.03,0,0,,0,0,7.6,2.9,32.2,1010,6.8,,140.7,0.5,0,,Clear,clear-night,remote
"Bhopal, Madhya Pradesh, India",2025-10-12T19:00:00,75.1,75.1,53.5,47,0,0,,0,0,5.8,2.2,110,1013,5.2,3.1,7.8,0,0,,Clear,clear-night,VABP
"Bhopal, Madhya Pradesh, India",2025-10-12T20:00:00,71.5,71.5,53.5,53.05,0,0,,0,0,6.5,3.4,120,1014,10,3.1,0,0,0,,Clear,clear-night,VABP
"Bhopal, Madhya Pradesh, India",2025-10-12T21:00:00,73.5,73.5,60.3,63.5,0,0,,0,0,6.7,2,122.4,1013,10.8,,0,0,0,,Clear,clear-night,remote
"Bhopal, Madhya Pradesh, India",2025-10-12T22:00:00,74.9,74.9,59.8,59.36,0,0,,0,0,5.6,2.5,183.6,1013,11.8,,0,0,0,,Clear,clear-night,remote
"Bhopal, Madhya Pradesh, India",2025-10-12T23:00:00,67.9,67.9,66.1,93.97,0,0,,0,0,4.3,3.4,230,1014,35.7,3.1,0,0,0,,Partially cloudy,partly-cloudy-night,VABP
"Bhopal, Madhya Pradesh, India",2025-10-13T00:00:00,71.9,71.9,61.4,69.69,0,0,,0,0,3.8,3.4,240.8,1013,38.1,,0,0,0,,Partially cloudy,partly-cloudy-night,remote
"Bhopal, Madhya Pradesh, India",2025-10-13T01:00:00,66.1,66.1,57.1,72.75,0,0,,0,0,4.9,1.1,330,1014,48.2,2.5,0,0,0,,Partially cloudy,partly-cloudy-night,VABP
"Bhopal, Madhya Pradesh, India",2025-10-13T02:00:00,64.3,64.3,57.1,77.46,0,0,,0,0,5.6,1.1,320,1013,53.1,2.5,0,0,0,,Partially cloudy,partly-cloudy-night,VABP
"Bhopal, Madhya Pradesh, India",2025-10-13T03:00:00,66.8,66.8,62,84.39,0,0,,0,0,5.4,3.4,280.5,1012,59.4,,0,0,0,,Partially cloudy,partly-cloudy-night,remote
"Bhopal, Madhya Pradesh, India",2025-10-13T04:00:00,65.9,65.9,62,87.06,0,0,,0,0,4.9,2.5,285.3,1012,59,,0,0,0,,Partially cloudy,partly-cloudy-night,remote
"Bhopal, Madhya Pradesh, India",2025-10-13T05:00:00,64.3,64.3,57.1,77.46,0,0,,0,0,4,1.1,320,1013,25,1.9,0,0,0,,Partially cloudy,partly-cloudy-night,VABP
"Bhopal, Madhya Pradesh, India",2025-10-13T06:00:00,70.2,70.2,64.7,82.5,0,0,,0,0,3.6,0.9,133.4,1012,58.5,,0,0,0,,Partially cloudy,partly-cloudy-night,remote
"Bhopal, Madhya Pradesh, India",2025-10-13T07:00:00,69.7,69.7,64.8,84.56,0,0,,0,0,3.1,1.1,136.9,1013,51.9,,0.9,0,0,,Partially cloudy,partly-cloudy-day,remote
"Bhopal, Madhya Pradesh, India",2025-10-13T08:00:00,71.5,71.5,58.9,64.49,0,0,,0,0,4,2.2,20,1016,49.6,2.5,75.1,0.3,1,,Partially cloudy,partly-cloudy-day,VABP
"Bhopal, Madhya Pradesh, India",2025-10-13T09:00:00,72.1,72.1,63.4,74.26,0,0,,0,0,6,0.9,145.7,1015,47.3,,256.8,0.9,3,,Partially cloudy,partly-cloudy-day,remote
"Bhopal, Madhya Pradesh, India",2025-10-13T10:00:00,80.5,80.5,55.3,41.99,0,0,,0,0,7.4,3.4,80,1017,25,3.1,424.9,1.5,4,,Partially cloudy,partly-cloudy-day,VABP
"Bhopal, Madhya Pradesh, India",2025-10-13T11:00:00,80.5,80,51.7,36.81,0,0,,0,0,8.7,4.7,20,1016,25,3.7,652.1,2.3,7,,Partially cloudy,partly-cloudy-day,VABP
"Bhopal, Madhya Pradesh, India",2025-10-13T12:00:00,82.3,81.1,51.7,34.71,0,0,,0,0,8.7,2.2,39.7,1015,25,3.7,808.8,2.9,8,,Partially cloudy,partly-cloudy-day,VABP
"Bhopal, Madhya Pradesh, India",2025-10-13T13:00:00,84.1,82.4,51.7,32.75,0,0,,0,0,8.1,2.2,30,1014,50,3.7,804.9,2.9,8,,Partially cloudy,partly-cloudy-day,VABP
"Bhopal, Madhya Pradesh, India",2025-10-13T14:00:00,82.3,81.1,51.7,34.71,0,0,,0,0,8.1,2.2,337.4,1013,25,3.7,694.8,2.5,7,,Partially cloudy,partly-cloudy-day,VABP
"Bhopal, Madhya Pradesh, India",2025-10-13T15:00:00,82.3,80.9,49.9,32.48,0,0,,0,0,8.1,3.4,50,1013,25,3.7,574.5,2.1,6,,Partially cloudy,partly-cloudy-day,VABP
"Bhopal, Madhya Pradesh, India",2025-10-13T16:00:00,82.3,80.9,49.9,32.48,0,0,,0,0,7.4,3.4,50,1013,25,3.7,433.2,1.6,4,,Partially cloudy,partly-cloudy-day,VABP
"Bhopal, Madhya Pradesh, India",2025-10-13T17:00:00,78.7,78.7,49.9,36.53,0,0,,0,0,6.7,3.4,80,1013,25,3.7,295,1.1,3,,Partially cloudy,partly-cloudy-day,VABP
"Bhopal, Madhya Pradesh, India",2025-10-13T18:00:00,75.1,75.1,51.7,43.99,0,0,,0,0,6,3.4,80,1013,22.6,3.7,130.8,0.5,0,,Partially cloudy,partly-cloudy-night,VABP
"Bhopal, Madhya Pradesh, India",2025-10-13T19:00:00,73.3,73.3,57.1,56.89,0,0,,0,0,6.7,2.2,120,1014,17.9,3.1,6.8,0,0,,Clear,clear-night,VABP
"Bhopal, Madhya Pradesh, India",2025-10-13T20:00:00,71.5,71.5,57.1,60.46,0,0,,0,0,7.6,0,0,1014,22,3.1,0,0,0,,Partially cloudy,partly-cloudy-night,VABP
"Bhopal, Madhya Pradesh, India",2025-10-13T21:00:00,71.9,71.9,61.2,69.24,0,0,,0,0,7.6,5.1,9.6,1013,22.4,,0,0,0,,Partially cloudy,partly-cloudy-night,remote
"Bhopal, Madhya Pradesh, India",2025-10-13T22:00:00,71.5,71.5,62,71.9,0,0,,0,0,7.4,5.4,13,1013,25.9,,0,0,0,,Partially cloudy,partly-cloudy-night,remote
"Bhopal, Madhya Pradesh, India",2025-10-13T23:00:00,69.7,69.7,62.5,77.91,0,0,,0,0,7.6,0,0,1014,16.1,3.1,0,0,0,,Clear,clear-night,VABP
"Bhopal, Madhya Pradesh, India",2025-10-14T00:00:00,68.4,68.4,62,79.81,0,0,,0,0,7.4,5.4,17,1012,9.5,,0,0,0,,Clear,clear-night,remote
"Bhopal, Madhya Pradesh, India",2025-10-14T01:00:00,64.3,64.3,64.3,100,0,0,,0,0,7.4,0,0,1012,7.4,2.5,0,0,0,,Clear,clear-night,VABP
"Bhopal, Madhya Pradesh, India",2025-10-14T02:00:00,64.3,64.3,64.3,100,0,0,,0,0,6.9,3.4,330,1012,5,2.5,0,0,0,,Clear,clear-night,VABP
"Bhopal, Madhya Pradesh, India",2025-10-14T03:00:00,64.3,64.3,64.3,100,0,0,,0,0,7.2,3.4,330,1012,15.6,2.5,0,0,0,,Clear,clear-night,VABP
"Bhopal, Madhya Pradesh, India",2025-10-14T04:00:00,64.3,64.3,64.3,100,0,0,,0,0,6.9,3.4,330,1012,42.4,2.5,0,0,0,,Partially cloudy,partly-cloudy-night,VABP
"Bhopal, Madhya Pradesh, India",2025-10-14T05:00:00,64.3,64.3,64.3,100,0,0,,0,0,6.7,0,0,1013,53.8,2.5,0,0,0,,Partially cloudy,partly-cloudy-night,VABP
"Bhopal, Madhya Pradesh, India",2025-10-14T06:00:00,69,69,62.7,80.36,0,0,,0,0,6.5,4.3,61.6,1011,45.6,,0,0,0,,Partially cloudy,partly-cloudy-night,remote
"Bhopal, Madhya Pradesh, India",2025-10-14T07:00:00,67.9,67.9,60.7,77.76,0,0,,0,0,6.3,0,0,1014,50,2.5,0.9,0,0,,Partially cloudy,partly-cloudy-day,VABP
"Bhopal, Madhya Pradesh, India",2025-10-14T08:00:00,73.3,73.3,60.7,64.71,0,0,,0,0,8.3,2.2,20,1015,50,2.5,71.9,0.3,1,,Partially cloudy,partly-cloudy-day,VABP
"Bhopal, Madhya Pradesh, India",2025-10-14T09:00:00,76.9,76.9,60.7,57.38,0,0,,0,0,10.1,5.8,80,1015,50,2.5,225.8,0.8,2,,Partially cloudy,partly-cloudy-day,VABP
"Bhopal, Madhya Pradesh, India",2025-10-14T10:00:00,78.7,78.7,60.7,54.07,0,0,,0,0,13,6.9,60,1015,32.4,2.5,451.8,1.6,5,,Partially cloudy,partly-cloudy-day,VABP
"Bhopal, Madhya Pradesh, India",2025-10-14T11:00:00,80.5,81,58.9,47.81,0,0,,0,0,14.8,6.9,70,1014,23.1,3.1,584.3,2.1,6,,Partially cloudy,partly-cloudy-day,VABP
"Bhopal, Madhya Pradesh, India",2025-10-14T12:00:00,82.3,82.4,58.9,45.09,0,0,,0,0,16.1,5.8,90,1013,16.8,3.1,742.5,2.7,7,,Clear,clear-day,VABP
"Bhopal, Madhya Pradesh, India",2025-10-14T13:00:00,84.1,84.3,60.7,45.36,0,0,,0,0,17.9,5.8,110,1012,50,3.1,808.6,2.9,8,,Partially cloudy,partly-cloudy-day,VABP
"Bhopal, Madhya Pradesh, India",2025-10-14T14:00:00,84.1,83.8,58.9,42.54,0,0,,0,0,16.6,6.9,110,1011,50,3.1,584.2,2.1,6,,Partially cloudy,partly-cloudy-day,VABP
"Bhopal, Madhya Pradesh, India",2025-10-14T15:00:00,85.7,87.1,64.1,48.58,0,0,,0,0,13.2,4.9,114.7,1010,54.7,,576.8,2.1,6,,Partially cloudy,partly-cloudy-day,remote
"Bhopal, Madhya Pradesh, India",2025-10-14T16:00:00,84.1,83.8,58.9,42.54,0,0,,0,0,11.6,3.4,100,1011,50,3.1,408.2,1.5,4,,Partially cloudy,partly-cloudy-day,VABP
"Bhopal, Madhya Pradesh, India",2025-10-14T17:00:00,80.5,81.4,60.7,50.97,0,0,,0,0,10.3,3.4,110,1012,50,3.1,269.7,1,3,,Partially cloudy,partly-cloudy-day,VABP
"Bhopal, Madhya Pradesh, India",2025-10-14T18:00:00,82.7,86.2,69.2,63.81,0,0,,0,0,8.1,2.9,119.4,1010,27.2,,106,0.4,0,,Partially cloudy,partly-cloudy-night,remote
"Bhopal, Madhya Pradesh, India",2025-10-14T19:00:00,83.2,87.3,69.9,64.27,0,0,,0,0,5.1,3.8,121.2,1010,20.4,,5.2,0,0,,Partially cloudy,partly-cloudy-night,remote
"Bhopal, Madhya Pradesh, India",2025-10-14T20:00:00,75.1,75.1,62.5,64.92,0,0,,0,0,4.9,2.2,50,1013,50,2.5,0,0,0,,Partially cloudy,partly-cloudy-night,VABP
"Bhopal, Madhya Pradesh, India",2025-10-14T21:00:00,73.3,73.3,64.3,73.45,0,0,,0,0,4.5,0,0,1013,50,2.5,0,0,0,,Partially cloudy,partly-cloudy-night,VABP
"Bhopal, Madhya Pradesh, India",2025-10-14T22:00:00,73.3,73.3,64.3,73.45,0,0,,0,0,4.7,2.2,340,1013,50,2.5,0,0,0,,Partially cloudy,partly-cloudy-night,VABP
"Bhopal, Madhya Pradesh, India",2025-10-14T23:00:00,71.5,71.5,64.3,78.06,0,0,,0,0,5.8,3.4,10,1012,50,2.5,0,0,0,,Partially cloudy,partly-cloudy-night,VABP
"Bhopal, Madhya Pradesh, India",2025-10-15T00:00:00,72.6,72.6,66.8,82.14,0,0,,0,0,6.3,4.3,47.9,1011,9.7,,0,0,0,,Clear,clear-night,remote
"Bhopal, Madhya Pradesh, India",2025-10-15T01:00:00,71.5,71.5,62.5,73.28,0,0,,0,0,6.5,3.4,20,1012,50,1.9,0,0,0,,Partially cloudy,partly-cloudy-night,VABP
"Bhopal, Madhya Pradesh, India",2025-10-15T02:00:00,71.5,71.5,62.5,73.28,0,0,,0,0,5.8,5.8,10,1011,50,1.9,0,0,0,,Partially cloudy,partly-cloudy-night,VABP
"Bhopal, Madhya Pradesh, India",2025-10-15T03:00:00,71.9,71.9,65.6,80.57,0,0,,0,0,5.8,3.6,42.1,1010,23.9,,0,0,0,,Partially cloudy,partly-cloudy-night,remote
"Bhopal, Madhya Pradesh, India",2025-10-15T04:00:00,70.2,70.2,66.3,87.28,0,0,,0,0,6,4,48.9,1010,26.2,,0,0,0,,Partially cloudy,partly-cloudy-night,remote
"Bhopal, Madhya Pradesh, India",2025-10-15T05:00:00,67.9,67.9,62.5,82.87,0,0,,0,0,6.5,2.2,360,1012,25,1.9,0,0,0,,Partially cloudy,partly-cloudy-night,VABP
"Bhopal, Madhya Pradesh, India",2025-10-15T06:00:00,69.7,69.7,64.3,82.98,0,0,,0,0,7.4,4.7,50,1013,35.7,2.5,0,0,0,,Partially cloudy,partly-cloudy-night,VABP
"Bhopal, Madhya Pradesh, India",2025-10-15T07:00:00,71.5,71.5,64.3,78.06,0,0,,0,0,7.4,0,0,1013,25,2.5,0.8,0,0,,Partially cloudy,partly-cloudy-day,VABP
"Bhopal, Madhya Pradesh, India",2025-10-15T08:00:00,73.3,73.3,66.1,78.2,0,0,,0,0,9.6,3.4,20,1014,75.7,2.5,76.2,0.3,1,,Partially cloudy,partly-cloudy-day,VABP
"Bhopal, Madhya Pradesh, India",2025-10-15T09:00:00,78.7,78.7,67.9,69.54,0,0,,0,0,11.2,5.8,70,1015,78.4,1.9,231.3,0.8,2,,Partially cloudy,partly-cloudy-day,VABP
"Bhopal, Madhya Pradesh, India",2025-10-15T10:00:00,80.5,83.7,69.7,69.73,0,0,,0,0,13.6,6.9,120,1014,51.9,1.9,425.2,1.5,4,,Partially cloudy,partly-cloudy-day,VABP
"Bhopal, Madhya Pradesh, India",2025-10-15T11:00:00,82.3,86.1,69.7,65.76,0,0,,0,0,15.2,8.1,140,1014,70.2,1.9,627.4,2.3,6,,Partially cloudy,partly-cloudy-day,VABP
"Bhopal, Madhya Pradesh, India",2025-10-15T12:00:00,84.8,89,69.5,60.26,0,0,,0,0,15.4,5.8,98.9,1012,34.9,,795.4,2.9,8,,Partially cloudy,partly-cloudy-day,remote
"Bhopal, Madhya Pradesh, India",2025-10-15T13:00:00,85,89.1,69.3,59.54,0.004,100,rain,0,0,14.3,4.7,99.4,1011,42.6,,723.9,2.6,7,,"Rain, Partially cloudy",rain,remote
"Bhopal, Madhya Pradesh, India",2025-10-15T14:00:00,84.1,86.4,66.1,54.82,0,0,,0,0,12.5,6.9,110,1012,50,3.1,537.4,1.9,5,,Partially cloudy,partly-cloudy-day,VABP
"Bhopal, Madhya Pradesh, India",2025-10-15T15:00:00,85.9,89.3,67.9,55.07,0,0,,0,0,10.5,6.9,110,1011,50,3.1,544.8,2,5,,Partially cloudy,partly-cloudy-day,VABP
"Bhopal, Madhya Pradesh, India",2025-10-15T16:00:00,82.3,84.5,66.1,58.1,0,0,,0,0,9.2,5.8,110,1011,50,3.1,395.7,1.4,4,,Partially cloudy,partly-cloudy-day,VABP
"Bhopal, Madhya Pradesh, India",2025-10-15T17:00:00,80.5,82.6,66.1,61.6,0,0,,0,0,8.3,4.7,80,1011,50,2.5,229.7,0.8,2,,Partially cloudy,partly-cloudy-day,VABP
"Bhopal, Madhya Pradesh, India",2025-10-15T18:00:00,84.1,89.3,71.3,65.56,0,0,,0,0,7.6,3.1,57.2,1010,25.5,,110,0.4,0,,Partially cloudy,partly-cloudy-night,remote
"Bhopal, Madhya Pradesh, India",2025-10-15T19:00:00,84.5,90,71.7,65.61,0,0,,0,0,5.6,3.8,54.4,1010,18.1,,5,0,0,,Clear,clear-night,remote
"Bhopal, Madhya Pradesh, India",2025-10-15T20:00:00,76.9,76.9,69.7,78.49,0,0,,0,0,5.6,0,0,1013,11.6,1.9,0,0,0,,Clear,clear-night,VABP
"Bhopal, Madhya Pradesh, India",2025-10-15T21:00:00,79.1,79.1,70.1,74,0,0,,0,0,5.1,4.3,86.6,1011,17.3,,0,0,0,,Clear,clear-night,remote
"Bhopal, Madhya Pradesh, India",2025-10-15T22:00:00,75.1,75.1,73.3,94.15,0,0,,0,0,4,2.2,340,1013,21.6,1.2,0,0,0,,Partially cloudy,partly-cloudy-night,VABP
"Bhopal, Madhya Pradesh, India",2025-10-15T23:00:00,75.1,75.1,71.5,88.6,0,0,,0,0,3.6,4.7,10,1013,17.8,1.2,0,0,0,,Clear,clear-night,VABP
"Bhopal, Madhya Pradesh, India",2025-10-16T00:00:00,76.4,76.4,70.2,81.39,0,0,,0,0,3.8,4,87.4,1011,19.1,,0,0,0,,Clear,clear-night,remote
"Bhopal, Madhya Pradesh, India",2025-10-16T01:00:00,75.5,75.5,70.6,84.9,0,0,,0,0,5.1,4.3,81,1011,20,,0,0,0,,Clear,clear-night,remote
"Bhopal, Madhya Pradesh, India",2025-10-16T02:00:00,73.3,73.3,71.5,94.1,0,0,,0,0,5.6,0,0,1012,10.2,1.2,0,0,0,,Clear,clear-night,VABP
"Bhopal, Madhya Pradesh, India",2025-10-16T03:00:00,71.9,71.9,69.9,93.49,0,0,,0,0,5.6,4.3,77.2,1011,17.8,,0,0,0,,Clear,clear-night,remote
"Bhopal, Madhya Pradesh, India",2025-10-16T04:00:00,71,71,69.3,94.63,0,0,,0,0,5.6,3.4,74.6,1010,11.3,,0,0,0,,Clear,clear-night,remote
"Bhopal, Madhya Pradesh, India",2025-10-16T05:00:00,71.3,71.3,69.3,93.48,0,0,,0,0,5.6,3.6,86.6,1010,8.8,,0,0,0,,Clear,clear-night,remote
"Bhopal, Madhya Pradesh, India",2025-10-16T06:00:00,74.2,74.2,69.7,85.88,0,0,,0,0,5.4,4,93.1,1011,10.8,,0,0,0,,Clear,clear-night,remote
"Bhopal, Madhya Pradesh, India",2025-10-16T07:00:00,74.2,74.2,69.5,85.35,0,0,,0,0,6,4.5,96.9,1011,9.4,,0.9,0,0,,Clear,clear-day,remote
"Bhopal, Madhya Pradesh, India",2025-10-16T08:00:00,75.1,75.1,67.9,78.35,0,0,,0,0,9.2,5.8,90,1014,4.8,1.9,83.3,0.3,1,,Clear,clear-day,VABP
"Bhopal, Madhya Pradesh, India",2025-10-16T09:00:00,78.7,78.7,67.9,69.54,0,0,,0,0,11.6,12.8,100,1015,3.9,1.9,265.4,1,3,,Clear,clear-day,VABP
"Bhopal, Madhya Pradesh, India",2025-10-16T10:00:00,80.5,83.2,67.9,65.55,0,0,,0,0,13.6,8.1,130,1015,4.4,1.9,439.1,1.6,4,,Clear,clear-day,VABP
"Bhopal, Madhya Pradesh, India",2025-10-16T11:00:00,84.1,87.3,67.9,58.34,0.008,100,rain,0,0,14.3,4.7,100,1014,57.5,1.9,609,2.2,6,,"Rain, Partially cloudy",rain,VABP
"Bhopal, Madhya Pradesh, India",2025-10-16T12:00:00,85.9,91.8,71.5,62.27,0.004,100,rain,0,0,13.9,4.7,110,1013,40.3,1.9,615.9,2.2,6,,"Rain, Partially cloudy",rain,VABP
"Bhopal, Madhya Pradesh, India",2025-10-16T13:00:00,85.9,87.4,64.3,48.6,0,0,,0,0,11.4,5.8,130,1012,25,2.5,643.1,2.3,6,,Partially cloudy,partly-cloudy-day,VABP
"Bhopal, Madhya Pradesh, India",2025-10-16T14:00:00,85.9,89.3,67.9,55.07,0,0,,0,0,10.3,6.9,120,1011,50,2.5,656.2,2.4,7,,Partially cloudy,partly-cloudy-day,VABP
"Bhopal, Madhya Pradesh, India",2025-10-16T15:00:00,87.5,92.8,70.2,56.66,0,0,,0,0,9.2,2.5,104.8,1010,24.9,,456.2,1.6,5,,Partially cloudy,partly-cloudy-day,remote
"Bhopal, Madhya Pradesh, India",2025-10-16T16:00:00,83.2,87.7,70.6,65.86,0,0,,0,0,8.3,1.3,85.9,1009,17.9,,437.9,1.6,4,,Clear,clear-day,remote
"Bhopal, Madhya Pradesh, India",2025-10-16T17:00:00,82.3,84.5,66.1,58.1,0,0,,0,0,7.4,5.8,110,1011,50,2.5,251.9,0.9,3,,Partially cloudy,partly-cloudy-day,VABP
"Bhopal, Madhya Pradesh, India",2025-10-16T18:00:00,84.1,89.7,71.9,66.78,0,0,,0,0,6,2.2,64.2,1010,22.5,,117.3,0.4,0,,Partially cloudy,partly-cloudy-night,remote
"Bhopal, Madhya Pradesh, India",2025-10-16T19:00:00,83.4,89.3,72.8,70.45,0,0,,0,0,4.7,3.1,64,1010,22.3,,5,0,0,,Partially cloudy,partly-cloudy-night,remote
"Bhopal, Madhya Pradesh, India",2025-10-16T20:00:00,78.7,78.7,73.3,83.56,0,0,,0,0,4.5,2.2,90,1014,25,1.9,0,0,0,,Partially cloudy,partly-cloudy-night,VABP
"Bhopal, Madhya Pradesh, India",2025-10-16T21:00:00,78.3,78.3,70.4,76.7,0,0,,0,0,4.9,3.8,69,1012,4.2,,0,0,0,,Clear,clear-night,remote
"Bhopal, Madhya Pradesh, India",2025-10-16T22:00:00,78.2,78.2,70.1,76.22,0,0,,0,0,5.6,4.7,84.8,1012,3.1,,0,0,0,,Clear,clear-night,remote
"Bhopal, Madhya Pradesh, India",2025-10-16T23:00:00,75.1,75.1,71.5,88.6,0,0,,0,0,5.8,4.7,360,1014,2.8,1.2,0,0,0,,Clear,clear-night,VABP
"Bhopal, Madhya Pradesh, India",2025-10-17T00:00:00,73.1,73.1,69.9,89.6,0,0,,0,0,6.9,4.3,122.1,1012,0,,0,0,0,,Clear,clear-night,remote
"Bhopal, Madhya Pradesh, India",2025-10-17T01:00:00,73.3,73.3,66.1,78.2,0,0,,0,0,6.7,1.1,30,1014,0,1.2,0,0,0,,Clear,clear-night,VABP
"Bhopal, Madhya Pradesh, India",2025-10-17T02:00:00,73.3,73.3,67.9,83.22,0,0,,0,0,6.3,4.7,20,1013,1,1.2,0,0,0,,Clear,clear-night,VABP
"Bhopal, Madhya Pradesh, India",2025-10-17T03:00:00,71.7,71.7,69,91.21,0,0,,0,0,6.3,3.8,121,1012,1,,0,0,0,,Clear,clear-night,remote
"Bhopal, Madhya Pradesh, India",2025-10-17T04:00:00,71.5,71.5,69.7,94.06,0,0,,0,0,6.3,4.7,10,1014,1,1.2,0,0,0,,Clear,clear-night,VABP
"Bhopal, Madhya Pradesh, India",2025-10-17T05:00:00,71.5,71.5,67.9,88.43,0,0,,0,0,6.3,2.2,20,1014,0,1.2,0,0,0,,Clear,clear-night,VABP
"Bhopal, Madhya Pradesh, India",2025-10-17T06:00:00,69.7,69.7,66.1,88.35,0,0,,0,0,6.5,3.4,20,1015,0,1.2,0,0,0,,Clear,clear-night,VABP
"Bhopal, Madhya Pradesh, India",2025-10-17T07:00:00,71.5,71.5,66.1,83.1,0,0,,0,0,6.9,0,0,1016,0,1.2,0.8,0,0,,Clear,clear-day,VABP
"Bhopal, Madhya Pradesh, India",2025-10-17T08:00:00,75.1,75.1,71.5,88.6,0,0,,0,0,10.3,4.7,80,1016,0,1.2,87.9,0.3,1,,Clear,clear-day,VABP
"Bhopal, Madhya Pradesh, India",2025-10-17T09:00:00,78.7,78.7,69.7,73.96,0,0,,0,0,12.8,5.8,80,1017,25,1.2,283.9,1,3,,Partially cloudy,partly-cloudy-day,VABP
"Bhopal, Madhya Pradesh, India",2025-10-17T10:00:00,82.3,86.1,69.7,65.76,0,0,,0,0,15,5.8,110,1016,25,1.2,498.1,1.8,5,,Partially cloudy,partly-cloudy-day,VABP
"Bhopal, Madhya Pradesh, India",2025-10-17T11:00:00,82.3,86.1,69.7,65.76,0,0,,0,0,15.9,9.2,130,1016,50,1.2,672.3,2.4,7,,Partially cloudy,partly-cloudy-day,VABP
"Bhopal, Madhya Pradesh, India",2025-10-17T12:00:00,84.1,88.3,69.7,62.05,0,0,,0,0,15.4,5.8,110,1015,50,1.9,720.2,2.6,7,,Partially cloudy,partly-cloudy-day,VABP
"Bhopal, Madhya Pradesh, India",2025-10-17T13:00:00,85.9,89.3,67.9,55.07,0,0,,0,0,12.3,5.8,160,1014,50,1.9,624.3,2.2,6,,Partially cloudy,partly-cloudy-day,VABP
"Bhopal, Madhya Pradesh, India",2025-10-17T14:00:00,85.9,86.6,62.5,45.63,0,0,,0,0,10.3,2.2,360,1013,50,1.9,636.9,2.3,6,,Partially cloudy,partly-cloudy-day,VABP
"Bhopal, Madhya Pradesh, India",2025-10-17T15:00:00,82.3,83.9,64.3,54.57,0,0,,0,0,9.8,6.9,80,1012,50,1.9,584.1,2.1,6,,Partially cloudy,partly-cloudy-day,VABP
"Bhopal, Madhya Pradesh, India",2025-10-17T16:00:00,82.7,85.8,68.3,61.87,0,0,,0,0,9.2,2.9,56.1,1011,17.2,,425.7,1.5,4,,Clear,clear-day,remote
"Bhopal, Madhya Pradesh, India",2025-10-17T17:00:00,80.5,83.2,67.9,65.55,0,0,,0,0,8.5,4.7,90,1012,50,2.5,299.6,1.1,3,,Partially cloudy,partly-cloudy-day,VABP
"Bhopal, Madhya Pradesh, India",2025-10-17T18:00:00,83.6,88.5,71.1,66.31,0,0,,0,0,7.8,2.9,31.4,1011,36.6,,108.1,0.4,0,,Partially cloudy,partly-cloudy-night,remote
"Bhopal, Madhya Pradesh, India",2025-10-17T19:00:00,83.6,88.7,71.5,67.12,0,0,,0,0,5.4,3.6,23.5,1011,35.2,,4.2,0,0,,Partially cloudy,partly-cloudy-night,remote
"Bhopal, Madhya Pradesh, India",2025-10-17T20:00:00,76.9,76.9,67.9,73.79,0,0,,0,0,4.9,3.4,280,1015,50,1.9,0,0,0,,Partially cloudy,partly-cloudy-night,VABP
"Bhopal, Madhya Pradesh, India",2025-10-17T21:00:00,75.1,75.1,67.9,78.35,0,0,,0,0,4.5,2.2,150,1015,50,1.9,0,0,0,,Partially cloudy,partly-cloudy-night,VABP
"Bhopal, Madhya Pradesh, India",2025-10-17T22:00:00,76.9,76.9,67.9,73.79,0,0,,0,0,3.6,3.4,160,1014,50,1.9,0,0,0,,Partially cloudy,partly-cloudy-night,VABP
"Bhopal, Madhya Pradesh, India",2025-10-17T23:00:00,75.1,75.1,69.7,83.33,0,0,,0,0,3.1,1.1,340,1014,50,1.9,0,0,0,,Partially cloudy,partly-cloudy-night,VABP
"Bhopal, Madhya Pradesh, India",2025-10-18T00:00:00,76.7,76.7,68.3,75.16,0,0,,0,0,2,1.3,314.1,1013,13.6,,0,0,0,,Clear,clear-night,remote
"Bhopal, Madhya Pradesh, India",2025-10-18T01:00:00,75.1,75.1,67.9,78.35,0,0,,0,0,2.7,0,0,1014,50,1.9,0,0,0,,Partially cloudy,partly-cloudy-night,VABP
"Bhopal, Madhya Pradesh, India",2025-10-18T02:00:00,75.1,75.1,67.9,78.35,0,0,,0,0,4,1.1,10,1013,50,1.9,0,0,0,,Partially cloudy,partly-cloudy-night,VABP
"Bhopal, Madhya Pradesh, India",2025-10-18T03:00:00,71.7,71.7,68.1,88.44,0,0,,0,0,6,4,52.9,1012,12.4,,0,0,0,,Clear,clear-night,remote
"Bhopal, Madhya Pradesh, India",2025-10-18T04:00:00,69.9,69.9,67.2,91.15,0,0,,0,0,5.8,4,71,1012,9.7,,0,0,0,,Clear,clear-night,remote
"Bhopal, Madhya Pradesh, India",2025-10-18T05:00:00,71.5,71.5,64.3,78.06,0,0,,0,0,5.8,3.4,340,1014,50,1.2,0,0,0,,Partially cloudy,partly-cloudy-night,VABP
"Bhopal, Madhya Pradesh, India",2025-10-18T06:00:00,69.7,69.7,64.3,82.98,0,0,,0,0,5.8,4.7,10,1014,50,1.2,0,0,0,,Partially cloudy,partly-cloudy-night,VABP
"Bhopal, Madhya Pradesh, India",2025-10-18T07:00:00,71.5,71.5,64.3,78.06,0,0,,0,0,6,4.7,360,1015,50,1.9,0.7,0,0,,Partially cloudy,partly-cloudy-day,VABP
"Bhopal, Madhya Pradesh, India",2025-10-18T08:00:00,75.1,75.1,64.3,69.15,0,0,,0,0,8.7,3.4,50,1015,50,1.9,83.5,0.3,1,,Partially cloudy,partly-cloudy-day,VABP
"Bhopal, Madhya Pradesh, India",2025-10-18T09:00:00,73.8,73.8,66.8,78.73,0,0,,0,0,10.3,5.4,108.3,1014,6.6,,259.1,0.9,3,,Clear,clear-day,remote
"Bhopal, Madhya Pradesh, India",2025-10-18T10:00:00,80.5,81.7,62.5,54.32,0,0,,0,0,12.8,8.1,80,1016,50,2.5,461.2,1.7,5,,Partially cloudy,partly-cloudy-day,VABP
"Bhopal, Madhya Pradesh, India",2025-10-18T11:00:00,82.3,83.3,62.5,51.23,0.004,100,rain,0,0,13.9,8.1,110,1015,50,2.5,637.1,2.3,6,,"Rain, Partially cloudy",rain,VABP
"Bhopal, Madhya Pradesh, India",2025-10-18T12:00:00,82.3,83.9,64.3,54.57,0.004,100,rain,0,0,13.6,6.9,130,1014,50,1.9,713.2,2.6,7,,"Rain, Partially cloudy",rain,VABP
"Bhopal, Madhya Pradesh, India",2025-10-18T13:00:00,84.8,87.5,66.8,54.92,0,0,,0,0,14.1,4.7,126.4,1012,29.7,,639.5,2.3,6,,Partially cloudy,partly-cloudy-day,remote
"Bhopal, Madhya Pradesh, India",2025-10-18T14:00:00,78.7,78.7,67.9,69.54,0,0,,0,0,12.3,11.4,170,1012,88,1.2,529.5,1.9,5,,Partially cloudy,partly-cloudy-day,VABP
"Bhopal, Madhya Pradesh, India",2025-10-18T15:00:00,76.9,76.9,71.5,83.45,0,0,,0,0,11.4,8.1,180,1012,88,1.9,523.2,1.9,5,,Partially cloudy,partly-cloudy-day,VABP
"Bhopal, Madhya Pradesh, India",2025-10-18T16:00:00,76.9,76.9,69.7,78.49,0.008,100,rain,0,0,12.1,6.9,140,1012,88,1.9,476.3,1.7,5,,"Rain, Partially cloudy",rain,VABP
"Bhopal, Madhya Pradesh, India",2025-10-18T17:00:00,76.9,76.9,69.7,78.49,0.004,100,rain,0,0,11,2.2,150,1012,88,1.9,266.3,1,3,,"Rain, Partially cloudy",rain,VABP
"Bhopal, Madhya Pradesh, India",2025-10-18T18:00:00,75.1,75.1,71.5,88.6,0,0,,0,0,8.5,3.4,210,1012,50,1.2,90.4,0.3,0,,Partially cloudy,partly-cloudy-night,VABP
"Bhopal, Madhya Pradesh, India",2025-10-18T19:00:00,75.1,75.1,71.5,88.6,0,0,,0,0,4.5,2.2,190,1013,50,1.2,3.7,0,0,,Partially cloudy,partly-cloudy-night,VABP
"Bhopal, Madhya Pradesh, India",2025-10-18T20:00:00,73.3,73.3,71.5,94.1,0,0,,0,0,4,2.2,180,1013,50,1.2,0,0,0,,Partially cloudy,partly-cloudy-night,VABP
"Bhopal, Madhya Pradesh, India",2025-10-18T21:00:00,71.5,71.5,71.5,100,0,0,,0,0,4.9,1.1,180,1013,50,1.2,0,0,0,,Partially cloudy,partly-cloudy-night,VABP
"Bhopal, Madhya Pradesh, India",2025-10-18T22:00:00,71.5,71.5,71.5,100,0,0,,0,0,5.6,1.1,120,1013,50,1.2,0,0,0,,Partially cloudy,partly-cloudy-night,VABP
"Bhopal, Madhya Pradesh, India",2025-10-18T23:00:00,69.7,69.7,67.9,94.02,0,0,,0,0,5.4,1.1,247.4,1013,50,1.2,0,0,0,,Partially cloudy,partly-cloudy-night,VABP
"Bhopal, Madhya Pradesh, India",2025-10-19T00:00:00,73.1,73.1,69.2,87.42,0,0,,0,0,4.7,2.5,236.7,1011,16.4,,0,0,0,,Clear,clear-night,remote
"Bhopal, Madhya Pradesh, India",2025-10-19T01:00:00,67.9,67.9,67.9,100,0,0,,0,0,3.1,2.2,219.3,1013,50,0.6,0,0,0,,Partially cloudy,fog,VABP
"Bhopal, Madhya Pradesh, India",2025-10-19T02:00:00,69.7,69.7,67.9,94.02,0,0,,0,0,3.1,4.7,10,1012,50,0.6,0,0,0,,Partially cloudy,fog,VABP
"Bhopal, Madhya Pradesh, India",2025-10-19T03:00:00,69.7,69.7,67.9,94.02,0,0,,0,0,3.8,2.2,20,1012,50,0.6,0,0,0,,Partially cloudy,fog,VABP
"Bhopal, Madhya Pradesh, India",2025-10-19T04:00:00,67.9,67.9,67.9,100,0,0,,0,0,5.8,1.1,10,1012,50,0.6,0,0,0,,Partially cloudy,fog,VABP
"Bhopal, Madhya Pradesh, India",2025-10-19T05:00:00,67.9,67.9,67.9,100,0,0,,0,0,6.5,3.4,60,1013,50,0.6,0,0,0,,Partially cloudy,fog,VABP
"Bhopal, Madhya Pradesh, India",2025-10-19T06:00:00,67.9,67.9,67.9,100,0,0,,0,0,6.9,3.4,20,1014,50,0.6,0,0,0,,Partially cloudy,fog,VABP
"Bhopal, Madhya Pradesh, India",2025-10-19T07:00:00,69.7,69.7,69.7,100,0,0,,0,0,6.9,2.2,360,1014,50,1.2,0.7,0,0,,Partially cloudy,partly-cloudy-day,VABP
"Bhopal, Madhya Pradesh, India",2025-10-19T08:00:00,73.3,73.3,69.7,88.51,0,0,,0,0,9.8,2.2,20,1015,50,1.2,82.8,0.3,1,,Partially cloudy,partly-cloudy-day,VABP
"Bhopal, Madhya Pradesh, India",2025-10-19T09:00:00,78.7,78.7,64.3,61.38,0,0,,0,0,11.6,5.8,110,1015,50,1.9,254.3,0.9,3,,Partially cloudy,partly-cloudy-day,VABP
"Bhopal, Madhya Pradesh, India",2025-10-19T10:00:00,80.5,81.4,60.7,50.97,0,0,,0,0,13.9,9.2,80,1015,25,2.5,462.2,1.7,5,,Partially cloudy,partly-cloudy-day,VABP
"Bhopal, Madhya Pradesh, India",2025-10-19T11:00:00,82.3,82.4,58.9,45.09,0,0,,0,0,15.9,9.2,80,1014,25,2.5,656,2.4,7,,Partially cloudy,partly-cloudy-day,VABP
"Bhopal, Madhya Pradesh, India",2025-10-19T12:00:00,84.1,83.8,58.9,42.54,0,0,,0,0,16.1,8.1,120,1013,13.5,3.1,756.1,2.7,8,,Clear,clear-day,VABP
"Bhopal, Madhya Pradesh, India",2025-10-19T13:00:00,84.1,83.4,57.1,39.88,0,0,,0,0,14.1,9.2,130,1012,9.4,3.1,828.7,3,8,,Clear,clear-day,VABP
"Bhopal, Madhya Pradesh, India",2025-10-19T14:00:00,85.9,84.9,57.1,37.65,0,0,,0,0,13.4,6.9,140,1011,10.6,3.1,781,2.8,8,,Clear,clear-day,VABP
"Bhopal, Madhya Pradesh, India",2025-10-19T15:00:00,84.1,83.4,57.1,39.88,0,0,,0,0,12.5,6.9,130,1011,12.6,3.1,644.2,2.3,6,,Clear,clear-day,VABP
"Bhopal, Madhya Pradesh, India",2025-10-19T16:00:00,84.1,83.4,57.1,39.88,0,0,,0,0,11.2,5.8,130,1011,28.7,3.1,487.8,1.8,5,,Partially cloudy,partly-cloudy-day,VABP
"Bhopal, Madhya Pradesh, India",2025-10-19T17:00:00,80.5,81,58.9,47.81,0,0,,0,0,9.8,2.2,90,1011,27.3,3.1,302.4,1.1,3,,Partially cloudy,partly-cloudy-day,VABP
"Bhopal, Madhya Pradesh, India",2025-10-19T18:00:00,83.2,87.1,69.5,63.48,0,0,,0,0,6.9,3.1,53.2,1009,8.7,,106.5,0.4,0,,Clear,clear-night,remote
"Bhopal, Madhya Pradesh, India",2025-10-19T19:00:00,75.1,75.1,62.5,64.92,0,0,,0,0,4.5,1.1,130,1012,25,2.5,4,0,0,,Partially cloudy,partly-cloudy-night,VABP
"Bhopal, Madhya Pradesh, India",2025-10-19T20:00:00,73.3,73.3,66.1,78.2,0,0,,0,0,3.8,2.2,110,1012,7.1,1.9,0,0,0,,Clear,clear-night,VABP
"Bhopal, Madhya Pradesh, India",2025-10-19T21:00:00,78.2,78.2,64.5,62.87,0,0,,0,0,3.6,3.4,120.8,1011,7.9,,0,0,0,,Clear,clear-night,remote
"Bhopal, Madhya Pradesh, India",2025-10-19T22:00:00,71.5,71.5,64.3,78.06,0,0,,0,0,4,2.2,40,1013,25,1.9,0,0,0,,Partially cloudy,partly-cloudy-night,VABP
"Bhopal, Madhya Pradesh, India",2025-10-19T23:00:00,71.5,71.5,64.3,78.06,0,0,,0,0,5.1,2.2,90,1013,25,1.9,0,0,0,,Partially cloudy,partly-cloudy-night,VABP
"Bhopal, Madhya Pradesh, India",2025-10-20T00:00:00,70.1,70.1,64.5,82.49,0,0,,0,0,6.9,4.5,82.8,1011,4.1,,0,0,0,,Clear,clear-night,remote
"Bhopal, Madhya Pradesh, India",2025-10-20T01:00:00,66.1,66.1,66.1,100,0,0,,0,0,7.6,0,0,1012,25,1.9,0,0,0,,Partially cloudy,partly-cloudy-night,VABP
"Bhopal, Madhya Pradesh, India",2025-10-20T02:00:00,66.1,66.1,64.3,93.93,0,0,,0,0,7.2,0,0,1012,25,1.9,0,0,0,,Partially cloudy,partly-cloudy-night,VABP
"Bhopal, Madhya Pradesh, India",2025-10-20T03:00:00,67.7,67.7,63.2,85.52,0,0,,0,0,6.7,4.3,90.8,1011,3.2,,0,0,0,,Clear,clear-night,remote
"Bhopal, Madhya Pradesh, India",2025-10-20T04:00:00,67,67,62.9,86.57,0,0,,0,0,6.5,3.8,99.5,1011,3.2,,0,0,0,,Clear,clear-night,remote
"Bhopal, Madhya Pradesh, India",2025-10-20T05:00:00,66.1,66.1,62.5,88.18,0,0,,0,0,7.2,3.4,20,1013,3.1,1.9,0,0,0,,Clear,clear-night,VABP
"Bhopal, Madhya Pradesh, India",2025-10-20T06:00:00,66.1,66.1,62.5,88.18,0,0,,0,0,8.3,2.2,40,1013,0.3,1.9,0,0,0,,Clear,clear-night,VABP
"Bhopal, Madhya Pradesh, India",2025-10-20T07:00:00,69.7,69.7,62.5,77.91,0,0,,0,0,9.4,0,0,1014,0,1.9,0.6,0,0,,Clear,clear-day,VABP
"Bhopal, Madhya Pradesh, India",2025-10-20T08:00:00,73.3,73.3,62.5,68.96,0,0,,0,0,11.2,6.9,100,1015,1,2.5,87.1,0.3,1,,Clear,clear-day,VABP
"Bhopal, Madhya Pradesh, India",2025-10-20T09:00:00,72.2,72.2,64.1,75.7,0,0,,0,0,12.8,5.8,103.6,1014,0.1,,285.3,1,3,,Clear,clear-day,remote
"Bhopal, Madhya Pradesh, India",2025-10-20T10:00:00,72.8,72.8,63.2,72.02,0,0,,0,0,14.5,6,99,1013,0.1,,493.8,1.8,5,,Clear,clear-day,remote
"Bhopal, Madhya Pradesh, India",2025-10-20T11:00:00,82.3,82.8,60.7,48.08,0,0,,0,0,15.7,5.8,70,1014,1.7,3.1,673.1,2.4,7,,Clear,clear-day,VABP
"Bhopal, Madhya Pradesh, India",2025-10-20T12:00:00,84.5,85.2,62.3,47.48,0,0,,0,0,15.7,5.6,70.6,1012,2.2,,783.9,2.8,8,,Clear,clear-day,remote
"Bhopal, Madhya Pradesh, India",2025-10-20T13:00:00,84.8,85.5,62.1,46.64,0,0,,0,0,14.5,5.8,55.7,1012,0.7,,827.6,3,8,,Clear,clear-day,remote
"Bhopal, Madhya Pradesh, India",2025-10-20T14:00:00,85.9,83.8,51.7,30.92,0,0,,0,0,14.5,6.9,20,1012,2.7,3.7,799.8,2.9,8,,Clear,clear-day,VABP
"Bhopal, Madhya Pradesh, India",2025-10-20T15:00:00,87.9,87.7,60.3,39.69,0,0,,0,0,13.9,5.4,48.9,1009,0.7,,678.9,2.4,7,,Clear,clear-day,remote
"Bhopal, Madhya Pradesh, India",2025-10-20T16:00:00,84.1,82.7,53.5,34.99,0,0,,0,0,12.8,4.7,40,1011,1.8,3.7,532.6,1.9,5,,Clear,clear-day,VABP
"Bhopal, Madhya Pradesh, India",2025-10-20T17:00:00,82.3,81.7,55.3,39.6,0,0,,0,0,11.4,2.2,60,1011,0.7,3.7,325.2,1.2,3,,Clear,clear-day,VABP
"Bhopal, Madhya Pradesh, India",2025-10-20T18:00:00,76.9,76.9,53.5,44.27,0,0,,0,0,8.1,2.2,70,1012,0,3.7,114.7,0.4,0,,Clear,clear-night,VABP
"Bhopal, Madhya Pradesh, India",2025-10-20T19:00:00,76.9,76.9,53.5,44.27,0,0,,0,0,6.7,3.4,60,1012,2.2,3.7,3.5,0,0,,Clear,clear-night,VABP
"Bhopal, Madhya Pradesh, India",2025-10-20T20:00:00,76.9,76.9,51.7,41.43,0,0,,0,0,6.9,2.2,30,1013,2.3,3.1,0,0,0,,Clear,clear-night,VABP
"Bhopal, Madhya Pradesh, India",2025-10-20T21:00:00,75.1,75.1,53.5,47,0,0,,0,0,6.7,2.2,50,1014,0.9,2.5,0,0,0,,Clear,clear-night,VABP
"Bhopal, Madhya Pradesh, India",2025-10-20T22:00:00,71.5,71.5,57.1,60.46,0,0,,0,0,7.8,2.2,340,1014,2.6,1.9,0,0,0,,Clear,clear-night,VABP
"Bhopal, Madhya Pradesh, India",2025-10-20T23:00:00,69.7,69.7,60.7,73.11,0,0,,0,0,7.8,2.2,320,1014,2.3,1.9,0,0,0,,Clear,clear-night,VABP
"Bhopal, Madhya Pradesh, India",2025-10-21T00:00:00,71.1,71.1,62.5,74.18,0,0,,0,0,7.4,4.7,82.9,1012,1.7,,0,0,0,,Clear,clear-night,remote
"Bhopal, Madhya Pradesh, India",2025-10-21T01:00:00,67.9,67.9,58.9,72.93,0,0,,0,0,7.4,3.4,350,1013,3.7,1.2,0,0,0,,Clear,clear-night,VABP
"Bhopal, Madhya Pradesh, India",2025-10-21T02:00:00,66.1,66.1,58.9,77.61,0,0,,0,0,6.9,3.4,360,1013,1.7,1.2,0,0,0,,Clear,clear-night,VABP
"Bhopal, Madhya Pradesh, India",2025-10-21T03:00:00,68.8,68.8,62.7,80.85,0,0,,0,0,6.9,4.3,61.6,1011,2.3,,0,0,0,,Clear,clear-night,remote
"Bhopal, Madhya Pradesh, India",2025-10-21T04:00:00,67.6,67.6,62.5,83.9,0,0,,0,0,6.7,3.8,42.7,1012,3.4,,0,0,0,,Clear,clear-night,remote
"Bhopal, Madhya Pradesh, India",2025-10-21T05:00:00,67.9,67.9,60.7,77.76,0,0,,0,0,6.7,2.2,30,1013,9.8,1.9,0,0,0,,Clear,clear-night,VABP
"Bhopal, Madhya Pradesh, India",2025-10-21T06:00:00,69.7,69.7,60.7,73.11,0,0,,0,0,6.9,4.7,10,1014,25,1.9,0,0,0,,Partially cloudy,partly-cloudy-night,VABP
"Bhopal, Madhya Pradesh, India",2025-10-21T07:00:00,69.7,69.7,60.7,73.11,0,0,,0,0,7.6,4.7,360,1015,50,1.9,0.5,0,0,,Partially cloudy,partly-cloudy-day,VABP
"Bhopal, Madhya Pradesh, India",2025-10-21T08:00:00,71.5,71.5,64.3,78.06,0,0,,0,0,10.1,4.7,20,1016,50,2.5,80.2,0.3,1,,Partially cloudy,partly-cloudy-day,VABP
"Bhopal, Madhya Pradesh, India",2025-10-21T09:00:00,75.1,75.1,66.1,73.62,0,0,,0,0,12.3,5.8,360,1016,50,2.5,256,0.9,3,,Partially cloudy,partly-cloudy-day,VABP
"Bhopal, Madhya Pradesh, India",2025-10-21T10:00:00,80.5,83.2,67.9,65.55,0,0,,0,0,14.8,8.1,10,1016,50,2.5,397.6,1.4,4,,Partially cloudy,partly-cloudy-day,VABP
"Bhopal, Madhya Pradesh, India",2025-10-21T11:00:00,82.3,85.2,67.9,61.83,0,0,,0,0,16.1,11.4,20,1015,50,2.5,467.6,1.7,5,,Partially cloudy,partly-cloudy-day,VABP
"Bhopal, Madhya Pradesh, India",2025-10-21T12:00:00,84.1,84.3,60.7,45.36,0.004,100,rain,0,0,16.3,9.2,10,1014,50,2.5,564.1,2,6,,"Rain, Partially cloudy",rain,VABP
"Bhopal, Madhya Pradesh, India",2025-10-21T13:00:00,85.9,86.6,62.5,45.63,0,0,,0,0,16.6,9.2,10,1013,50,3.1,442.3,1.6,4,,Partially cloudy,partly-cloudy-day,VABP
"Bhopal, Madhya Pradesh, India",2025-10-21T14:00:00,85.9,85.4,58.9,40.16,0,0,,0,0,16.8,9.2,20,1012,50,3.1,441.7,1.6,4,,Partially cloudy,partly-cloudy-day,VABP
"Bhopal, Madhya Pradesh, India",2025-10-21T15:00:00,85.9,84.1,53.5,33.03,0,0,,0,0,17.4,11.4,20,1012,50,3.1,521.8,1.9,5,,Partially cloudy,partly-cloudy-day,VABP
"Bhopal, Madhya Pradesh, India",2025-10-21T16:00:00,84.1,83.8,58.9,42.54,0,0,,0,0,16.3,9.2,20,1012,50,3.1,392.9,1.4,4,,Partially cloudy,partly-cloudy-day,VABP
"Bhopal, Madhya Pradesh, India",2025-10-21T17:00:00,82.3,82.4,58.9,45.09,0.004,100,rain,0,0,15.9,5.8,20,1012,25,2.5,204.7,0.7,2,,"Rain, Partially cloudy",rain,VABP
"Bhopal, Madhya Pradesh, India",2025-10-21T18:00:00,78.7,78.7,60.7,54.07,0.004,100,rain,0,0,12.5,4.7,20,1013,25,1.9,74.5,0.3,0,,"Rain, Partially cloudy",rain,VABP
"Bhopal, Madhya Pradesh, India",2025-10-21T19:00:00,78.7,78.7,62.5,57.62,0,0,,0,0,11.2,4.7,40,1014,25,1.9,2.2,0,0,,Partially cloudy,partly-cloudy-night,VABP
"Bhopal, Madhya Pradesh, India",2025-10-21T20:00:00,80.3,84.1,71.3,74.11,0,0,,0,0,10.3,4.5,74.2,1012,45.7,,0,0,0,,Partially cloudy,partly-cloudy-night,remote
"Bhopal, Madhya Pradesh, India",2025-10-21T21:00:00,76.4,76.4,70.1,80.9,0,0,,0,0,9.4,4.5,68,1013,38.4,,0,0,0,,Partially cloudy,partly-cloudy-night,remote
"Bhopal, Madhya Pradesh, India",2025-10-21T22:00:00,76.7,76.7,70.1,79.94,0,0,,0,0,10.3,4.7,61.4,1013,60.5,,0,0,0,,Partially cloudy,partly-cloudy-night,remote
"Bhopal, Madhya Pradesh, India",2025-10-21T23:00:00,75.1,75.1,71.5,88.6,0,0,,0,0,11.2,4.7,110,1015,88,1.9,0,0,0,,Partially cloudy,partly-cloudy-night,VABP
"Bhopal, Madhya Pradesh, India",2025-10-22T00:00:00,74.9,74.9,71.3,88.59,0,0,,0,0,10.7,4,57.3,1014,65.3,,0,0,0,,Partially cloudy,partly-cloudy-night,remote
"Bhopal, Madhya Pradesh, India",2025-10-22T01:00:00,74.6,74.6,71.1,89.11,0,0,,0,0,6.7,4,53.2,1013,45.6,,0,0,0,,Partially cloudy,partly-cloudy-night,remote
"Bhopal, Madhya Pradesh, India",2025-10-22T02:00:00,73.3,73.3,71.5,94.1,0,0,,0,0,6.5,0,0,1014,38.1,1.9,0,0,0,,Partially cloudy,partly-cloudy-night,VABP
"Bhopal, Madhya Pradesh, India",2025-10-22T03:00:00,72.8,72.8,70.2,91.81,0,0,,0,0,6.5,4,55.1,1013,29.2,,0,0,0,,Partially cloudy,partly-cloudy-night,remote
"Bhopal, Madhya Pradesh, India",2025-10-22T04:00:00,71.9,71.9,69.3,91.78,0,0,,0,0,6.7,3.8,60.3,1013,17.5,,0,0,0,,Clear,clear-night,remote
"Bhopal, Madhya Pradesh, India",2025-10-22T05:00:00,71.5,71.5,67.9,88.43,0,0,,0,0,6.7,3.4,360,1014,7.6,1.9,0,0,0,,Clear,clear-night,VABP
"Bhopal, Madhya Pradesh, India",2025-10-22T06:00:00,74,74,69.9,86.93,0,0,,0,0,6.7,4,67.1,1013,13.2,,0,0,0,,Clear,clear-night,remote
"Bhopal, Madhya Pradesh, India",2025-10-22T07:00:00,74.2,74.2,69.7,85.88,0,0,,0,0,7.4,4.3,62.6,1014,12.2,,0.4,0,0,,Clear,clear-day,remote
"Bhopal, Madhya Pradesh, India",2025-10-22T08:00:00,75.1,75.1,71.5,88.6,0,0,,0,0,9.2,8.1,10,1016,88,1.9,64.9,0.2,1,,Partially cloudy,partly-cloudy-day,VABP
"Bhopal, Madhya Pradesh, India",2025-10-22T09:00:00,78.7,78.7,73.3,83.56,0,0,,0,0,11.2,5.8,10,1017,50,1.9,226.9,0.8,2,,Partially cloudy,partly-cloudy-day,VABP
"Bhopal, Madhya Pradesh, India",2025-10-22T10:00:00,75.6,75.6,69.5,81.34,0,0,,0,0,13.2,5.6,60.9,1015,7.2,,426.4,1.5,4,,Clear,clear-day,remote
"Bhopal, Madhya Pradesh, India",2025-10-22T11:00:00,84.1,89.4,71.5,65.97,0,0,,0,0,14.3,3.4,50,1016,50,1.9,627.4,2.3,6,,Partially cloudy,partly-cloudy-day,VABP
"Bhopal, Madhya Pradesh, India",2025-10-22T12:00:00,85.9,89.3,67.9,55.07,0,0,,0,0,15.4,4.7,360,1014,50,2.5,679.8,2.4,7,,Partially cloudy,partly-cloudy-day,VABP
"Bhopal, Madhya Pradesh, India",2025-10-22T13:00:00,85.9,88.3,66.1,51.75,0,0,,0,0,15.2,9.2,70,1013,50,2.5,695.8,2.5,7,,Partially cloudy,partly-cloudy-day,VABP
"Bhopal, Madhya Pradesh, India",2025-10-22T14:00:00,85.9,88.3,66.1,51.75,0,0,,0,0,15.2,4.7,50,1013,50,3.1,604.6,2.2,6,,Partially cloudy,partly-cloudy-day,VABP
"Bhopal, Madhya Pradesh, India",2025-10-22T15:00:00,87.7,89.2,64.3,45.9,0,0,,0,0,14.8,5.8,40,1012,50,3.1,585.2,2.1,6,,Partially cloudy,partly-cloudy-day,VABP
"Bhopal, Madhya Pradesh, India",2025-10-22T16:00:00,84.1,86.4,66.1,54.82,0,0,,0,0,14.1,2.2,40,1012,50,3.1,480.8,1.7,5,,Partially cloudy,partly-cloudy-day,VABP
"Bhopal, Madhya Pradesh, India",2025-10-22T17:00:00,82.3,83.9,64.3,54.57,0.004,100,rain,0,0,12.8,2.2,30,1012,88,2.5,295.3,1.1,3,,"Rain, Partially cloudy",rain,VABP
"Bhopal, Madhya Pradesh, India",2025-10-22T18:00:00,78.7,78.7,64.3,61.38,0,0,,0,0,9.8,3.4,110,1013,88,2.5,98.8,0.4,0,,Partially cloudy,partly-cloudy-night,VABP
"Bhopal, Madhya Pradesh, India",2025-10-22T19:00:00,78.7,78.7,64.3,61.38,0,0,,0,0,6,1.1,120,1014,50,2.5,2.1,0,0,,Partially cloudy,partly-cloudy-night,VABP
"Bhopal, Madhya Pradesh, India",2025-10-22T20:00:00,76.9,76.9,66.1,69.35,0,0,,0,0,7.8,3.4,12.5,1014,50,1.9,0,0,0,,Partially cloudy,partly-cloudy-night,VABP
"Bhopal, Madhya Pradesh, India",2025-10-22T21:00:00,78.5,78.5,68.4,71.26,0,0,,0,0,9.6,5.1,13.8,1012,13.3,,0,0,0,,Clear,clear-night,remote
"Bhopal, Madhya Pradesh, India",2025-10-22T22:00:00,77.8,77.8,69.2,74.79,0,0,,0,0,10.7,5.4,18.2,1013,11.8,,0,0,0,,Clear,clear-night,remote
"Bhopal, Madhya Pradesh, India",2025-10-22T23:00:00,75.1,75.1,67.9,78.35,0,0,,0,0,11.2,3.4,90,1014,50,1.9,0,0,0,,Partially cloudy,partly-cloudy-night,VABP
